Time Bucket (America/Chicago),Casa8-Mains_A (kWatts)
01/01/2023 00:00:00,0.3235
01/01/2023 00:15:00,0.3351
01/01/2023 00:30:00,0.3225
01/01/2023 00:45:00,0.3221
01/01/2023 01:00:00,0.3350
01/01/2023 01:15:00,0.3358
01/01/2023 01:30:00,0.3175
01/01/2023 01:45:00,0.3990
01/01/2023 02:00:00,0.5067
01/01/2023 02:15:00,0.4592
01/01/2023 02:30:00,0.4263
01/01/2023 02:45:00,0.3733
01/01/2023 03:00:00,0.2084
01/01/2023 03:15:00,0.2012
01/01/2023 03:30:00,0.1940
01/01/2023 03:45:00,0.2142
01/01/2023 04:00:00,0.1924
01/01/2023 04:15:00,0.2004
01/01/2023 04:30:00,0.1781
01/01/2023 04:45:00,0.2028
01/01/2023 05:00:00,0.0721
01/01/2023 05:15:00,0.0839
01/01/2023 05:30:00,0.0746
01/01/2023 05:45:00,0.0747
01/01/2023 06:00:00,0.0796
01/01/2023 06:15:00,0.0656
01/01/2023 06:30:00,0.0847
01/01/2023 06:45:00,0.0589
01/01/2023 07:00:00,0.0888
01/01/2023 07:15:00,0.1159
01/01/2023 07:30:00,0.1214
01/01/2023 07:45:00,0.0737
01/01/2023 08:00:00,0.0705
01/01/2023 08:15:00,0.0762
01/01/2023 08:30:00,0.0641
01/01/2023 08:45:00,0.0784
01/01/2023 09:00:00,0.0579
01/01/2023 09:15:00,0.0798
01/01/2023 09:30:00,0.0510
01/01/2023 09:45:00,0.0774
01/01/2023 10:00:00,0.1011
01/01/2023 10:15:00,0.0961
01/01/2023 10:30:00,0.0937
01/01/2023 10:45:00,0.1025
01/01/2023 11:00:00,0.0911
01/01/2023 11:15:00,0.1025
01/01/2023 11:30:00,0.0952
01/01/2023 11:45:00,0.2834
01/01/2023 12:00:00,0.1270
01/01/2023 12:15:00,0.0665
01/01/2023 12:30:00,0.0760
01/01/2023 12:45:00,0.0572
01/01/2023 13:00:00,0.0738
01/01/2023 13:15:00,0.0534
01/01/2023 13:30:00,0.0740
01/01/2023 13:45:00,0.0491
01/01/2023 14:00:00,0.0785
01/01/2023 14:15:00,0.0478
01/01/2023 14:30:00,0.0736
01/01/2023 14:45:00,0.0554
01/01/2023 15:00:00,0.0636
01/01/2023 15:15:00,0.0654
01/01/2023 15:30:00,0.0521
01/01/2023 15:45:00,0.0762
01/01/2023 16:00:00,0.0504
01/01/2023 16:15:00,0.0663
01/01/2023 16:30:00,0.0637
01/01/2023 16:45:00,0.0520
01/01/2023 17:00:00,0.0764
01/01/2023 17:15:00,0.0519
01/01/2023 17:30:00,0.0634
01/01/2023 17:45:00,0.0779
01/01/2023 18:00:00,0.1909
01/01/2023 18:15:00,0.1070
01/01/2023 18:30:00,0.0891
01/01/2023 18:45:00,0.0708
01/01/2023 19:00:00,0.0953
01/01/2023 19:15:00,0.0779
01/01/2023 19:30:00,0.0712
01/01/2023 19:45:00,0.0954
01/01/2023 20:00:00,0.0809
01/01/2023 20:15:00,0.0705
01/01/2023 20:30:00,0.0902
01/01/2023 20:45:00,0.0867
01/01/2023 21:00:00,0.0706
01/01/2023 21:15:00,0.0770
01/01/2023 21:30:00,0.0919
01/01/2023 21:45:00,0.0800
01/01/2023 22:00:00,0.0711
01/01/2023 22:15:00,0.0782
01/01/2023 22:30:00,0.0916
01/01/2023 22:45:00,0.0797
01/01/2023 23:00:00,0.0793
01/01/2023 23:15:00,0.5296
01/01/2023 23:30:00,0.5170
01/01/2023 23:45:00,0.7676
01/02/2023 00:00:00,0.6089
01/02/2023 00:15:00,0.5496
01/02/2023 00:30:00,0.3154
01/02/2023 00:45:00,0.3169
01/02/2023 01:00:00,0.3005
01/02/2023 01:15:00,0.0856
01/02/2023 01:30:00,0.0604
01/02/2023 01:45:00,0.0541
01/02/2023 02:00:00,0.0656
01/02/2023 02:15:00,0.0643
01/02/2023 02:30:00,0.0566
01/02/2023 02:45:00,0.0494
01/02/2023 03:00:00,0.0483
01/02/2023 03:15:00,0.0483
01/02/2023 03:30:00,0.0523
01/02/2023 03:45:00,0.0607
01/02/2023 04:00:00,0.0590
01/02/2023 04:15:00,0.0545
01/02/2023 04:30:00,0.0556
01/02/2023 04:45:00,0.0490
01/02/2023 05:00:00,0.1350
01/02/2023 05:15:00,0.1637
01/02/2023 05:30:00,0.1895
01/02/2023 05:45:00,0.2002
01/02/2023 06:00:00,0.0740
01/02/2023 06:15:00,0.0594
01/02/2023 06:30:00,0.0554
01/02/2023 06:45:00,0.4398
01/02/2023 07:00:00,0.8052
01/02/2023 07:15:00,0.2641
01/02/2023 07:30:00,0.1138
01/02/2023 07:45:00,0.0529
01/02/2023 08:00:00,0.0697
01/02/2023 08:15:00,0.0880
01/02/2023 08:30:00,0.0651
01/02/2023 08:45:00,0.0543
01/02/2023 09:00:00,0.0527
01/02/2023 09:15:00,0.0495
01/02/2023 09:30:00,0.0494
01/02/2023 09:45:00,0.0501
01/02/2023 10:00:00,0.0495
01/02/2023 10:15:00,0.0494
01/02/2023 10:30:00,0.0494
01/02/2023 10:45:00,0.0505
01/02/2023 11:00:00,0.0485
01/02/2023 11:15:00,0.0531
01/02/2023 11:30:00,0.0517
01/02/2023 11:45:00,0.0501
01/02/2023 12:00:00,0.0561
01/02/2023 12:15:00,0.0522
01/02/2023 12:30:00,0.0508
01/02/2023 12:45:00,0.0321
01/02/2023 13:00:00,0.0429
01/02/2023 13:15:00,0.0380
01/02/2023 13:30:00,0.0582
01/02/2023 13:45:00,0.0481
01/02/2023 14:00:00,0.0520
01/02/2023 14:15:00,0.0472
01/02/2023 14:30:00,0.0461
01/02/2023 14:45:00,0.0592
01/02/2023 15:00:00,0.0807
01/02/2023 15:15:00,0.0783
01/02/2023 15:30:00,0.0762
01/02/2023 15:45:00,0.0543
01/02/2023 16:00:00,0.0426
01/02/2023 16:15:00,0.0594
01/02/2023 16:30:00,0.1165
01/02/2023 16:45:00,0.1989
01/02/2023 17:00:00,0.2444
01/02/2023 17:15:00,0.2982
01/02/2023 17:30:00,0.3446
01/02/2023 17:45:00,0.2496
01/02/2023 18:00:00,0.2340
01/02/2023 18:15:00,0.2281
01/02/2023 18:30:00,0.4538
01/02/2023 18:45:00,0.4968
01/02/2023 19:00:00,0.4560
01/02/2023 19:15:00,0.5300
01/02/2023 19:30:00,0.5330
01/02/2023 19:45:00,0.4621
01/02/2023 20:00:00,0.4202
01/02/2023 20:15:00,0.3971
01/02/2023 20:30:00,0.3924
01/02/2023 20:45:00,0.3945
01/02/2023 21:00:00,0.3981
01/02/2023 21:15:00,0.5461
01/02/2023 21:30:00,0.5721
01/02/2023 21:45:00,0.6018
01/02/2023 22:00:00,0.5881
01/02/2023 22:15:00,0.5511
01/02/2023 22:30:00,0.5511
01/02/2023 22:45:00,0.5442
01/02/2023 23:00:00,0.8724
01/02/2023 23:15:00,0.3195
01/02/2023 23:30:00,0.1738
01/02/2023 23:45:00,0.0742
01/03/2023 00:00:00,0.0819
01/03/2023 00:15:00,0.0621
01/03/2023 00:30:00,0.0626
01/03/2023 00:45:00,0.0616
01/03/2023 01:00:00,0.0564
01/03/2023 01:15:00,0.0529
01/03/2023 01:30:00,0.0518
01/03/2023 01:45:00,0.0504
01/03/2023 02:00:00,0.0496
01/03/2023 02:15:00,0.0489
01/03/2023 02:30:00,0.0428
01/03/2023 02:45:00,0.0389
01/03/2023 03:00:00,0.0383
01/03/2023 03:15:00,0.0402
01/03/2023 03:30:00,0.0474
01/03/2023 03:45:00,0.0477
01/03/2023 04:00:00,0.0476
01/03/2023 04:15:00,0.0470
01/03/2023 04:30:00,0.0472
01/03/2023 04:45:00,0.0476
01/03/2023 05:00:00,0.0470
01/03/2023 05:15:00,0.1364
01/03/2023 05:30:00,0.1939
01/03/2023 05:45:00,0.3539
01/03/2023 06:00:00,0.2124
01/03/2023 06:15:00,0.1889
01/03/2023 06:30:00,0.1537
01/03/2023 06:45:00,0.6462
01/03/2023 07:00:00,0.7041
01/03/2023 07:15:00,0.1249
01/03/2023 07:30:00,0.0855
01/03/2023 07:45:00,0.1091
01/03/2023 08:00:00,0.0274
01/03/2023 08:15:00,0.0282
01/03/2023 08:30:00,0.0373
01/03/2023 08:45:00,0.0381
01/03/2023 09:00:00,0.0377
01/03/2023 09:15:00,0.0183
01/03/2023 09:30:00,0.0337
01/03/2023 09:45:00,0.0384
01/03/2023 10:00:00,0.0388
01/03/2023 10:15:00,0.0387
01/03/2023 10:30:00,0.0334
01/03/2023 10:45:00,0.0258
01/03/2023 11:00:00,0.2296
01/03/2023 11:15:00,0.0895
01/03/2023 11:30:00,0.2044
01/03/2023 11:45:00,0.0145
01/03/2023 12:00:00,0.1808
01/03/2023 12:15:00,0.1314
01/03/2023 12:30:00,0.2269
01/03/2023 12:45:00,0.2238
01/03/2023 13:00:00,0.1445
01/03/2023 13:15:00,0.0466
01/03/2023 13:30:00,0.0468
01/03/2023 13:45:00,0.0471
01/03/2023 14:00:00,0.0834
01/03/2023 14:15:00,0.2199
01/03/2023 14:30:00,0.1292
01/03/2023 14:45:00,0.1120
01/03/2023 15:00:00,0.2182
01/03/2023 15:15:00,0.1969
01/03/2023 15:30:00,0.2189
01/03/2023 15:45:00,0.2024
01/03/2023 16:00:00,0.1891
01/03/2023 16:15:00,0.0925
01/03/2023 16:30:00,0.1959
01/03/2023 16:45:00,0.1733
01/03/2023 17:00:00,0.0862
01/03/2023 17:15:00,0.1760
01/03/2023 17:30:00,0.1442
01/03/2023 17:45:00,0.1108
01/03/2023 18:00:00,0.1592
01/03/2023 18:15:00,0.3346
01/03/2023 18:30:00,0.7570
01/03/2023 18:45:00,0.8172
01/03/2023 19:00:00,0.7997
01/03/2023 19:15:00,0.8921
01/03/2023 19:30:00,0.6303
01/03/2023 19:45:00,0.4108
01/03/2023 20:00:00,0.4015
01/03/2023 20:15:00,0.4131
01/03/2023 20:30:00,0.4524
01/03/2023 20:45:00,0.4661
01/03/2023 21:00:00,0.3714
01/03/2023 21:15:00,0.4315
01/03/2023 21:30:00,0.4060
01/03/2023 21:45:00,0.3749
01/03/2023 22:00:00,0.3640
01/03/2023 22:15:00,0.3539
01/03/2023 22:30:00,0.3616
01/03/2023 22:45:00,0.3786
01/03/2023 23:00:00,0.3736
01/03/2023 23:15:00,0.3489
01/03/2023 23:30:00,0.1860
01/03/2023 23:45:00,0.0303
01/04/2023 00:00:00,0.0266
01/04/2023 00:15:00,0.0266
01/04/2023 00:30:00,0.0227
01/04/2023 00:45:00,0.0189
01/04/2023 01:00:00,0.0171
01/04/2023 01:15:00,0.0161
01/04/2023 01:30:00,0.0154
01/04/2023 01:45:00,0.0150
01/04/2023 02:00:00,0.0141
01/04/2023 02:15:00,0.0138
01/04/2023 02:30:00,0.0138
01/04/2023 02:45:00,0.0138
01/04/2023 03:00:00,0.0138
01/04/2023 03:15:00,0.0138
01/04/2023 03:30:00,0.0139
01/04/2023 03:45:00,0.0138
01/04/2023 04:00:00,0.0139
01/04/2023 04:15:00,0.0143
01/04/2023 04:30:00,0.0168
01/04/2023 04:45:00,0.0160
01/04/2023 05:00:00,0.0662
01/04/2023 05:15:00,0.8089
01/04/2023 05:30:00,0.8168
01/04/2023 05:45:00,0.8420
01/04/2023 06:00:00,0.7946
01/04/2023 06:15:00,0.8465
01/04/2023 06:30:00,0.9996
01/04/2023 06:45:00,0.6962
01/04/2023 07:00:00,0.2535
01/04/2023 07:15:00,0.2001
01/04/2023 07:30:00,0.1551
01/04/2023 07:45:00,0.1000
01/04/2023 08:00:00,0.1095
01/04/2023 08:15:00,0.1057
01/04/2023 08:30:00,0.0418
01/04/2023 08:45:00,0.0383
01/04/2023 09:00:00,0.0384
01/04/2023 09:15:00,0.0387
01/04/2023 09:30:00,0.0390
01/04/2023 09:45:00,0.0470
01/04/2023 10:00:00,0.0297
01/04/2023 10:15:00,0.0401
01/04/2023 10:30:00,0.0379
01/04/2023 10:45:00,0.0493
01/04/2023 11:00:00,0.0459
01/04/2023 11:15:00,0.0774
01/04/2023 11:30:00,0.0902
01/04/2023 11:45:00,0.0889
01/04/2023 12:00:00,0.0298
01/04/2023 12:15:00,0.0455
01/04/2023 12:30:00,0.0313
01/04/2023 12:45:00,0.0298
01/04/2023 13:00:00,0.0533
01/04/2023 13:15:00,0.0409
01/04/2023 13:30:00,0.0349
01/04/2023 13:45:00,0.0501
01/04/2023 14:00:00,0.0285
01/04/2023 14:15:00,0.0290
01/04/2023 14:30:00,0.0457
01/04/2023 14:45:00,0.0288
01/04/2023 15:00:00,0.0289
01/04/2023 15:15:00,0.0473
01/04/2023 15:30:00,0.0290
01/04/2023 15:45:00,0.0293
01/04/2023 16:00:00,0.0482
01/04/2023 16:15:00,0.0294
01/04/2023 16:30:00,0.0439
01/04/2023 16:45:00,0.0770
01/04/2023 17:00:00,0.0886
01/04/2023 17:15:00,0.1300
01/04/2023 17:30:00,0.1556
01/04/2023 17:45:00,0.2059
01/04/2023 18:00:00,0.1904
01/04/2023 18:15:00,0.2302
01/04/2023 18:30:00,0.5424
01/04/2023 18:45:00,0.5664
01/04/2023 19:00:00,0.6344
01/04/2023 19:15:00,0.5905
01/04/2023 19:30:00,0.6964
01/04/2023 19:45:00,0.7021
01/04/2023 20:00:00,0.6323
01/04/2023 20:15:00,0.6482
01/04/2023 20:30:00,0.6383
01/04/2023 20:45:00,0.6754
01/04/2023 21:00:00,1.1184
01/04/2023 21:15:00,1.1217
01/04/2023 21:30:00,1.1031
01/04/2023 21:45:00,1.0868
01/04/2023 22:00:00,0.6376
01/04/2023 22:15:00,0.4093
01/04/2023 22:30:00,0.4397
01/04/2023 22:45:00,0.3613
01/04/2023 23:00:00,0.2696
01/04/2023 23:15:00,0.2652
01/04/2023 23:30:00,0.2803
01/04/2023 23:45:00,0.2624
01/05/2023 00:00:00,0.1507
01/05/2023 00:15:00,0.0486
01/05/2023 00:30:00,0.0475
01/05/2023 00:45:00,0.0576
01/05/2023 01:00:00,0.0449
01/05/2023 01:15:00,0.0324
01/05/2023 01:30:00,0.0321
01/05/2023 01:45:00,0.0318
01/05/2023 02:00:00,0.0314
01/05/2023 02:15:00,0.0356
01/05/2023 02:30:00,0.0442
01/05/2023 02:45:00,0.0306
01/05/2023 03:00:00,0.0259
01/05/2023 03:15:00,0.0259
01/05/2023 03:30:00,0.0255
01/05/2023 03:45:00,0.0259
01/05/2023 04:00:00,0.0261
01/05/2023 04:15:00,0.0275
01/05/2023 04:30:00,0.0603
01/05/2023 04:45:00,0.7066
01/05/2023 05:00:00,0.7649
01/05/2023 05:15:00,0.9067
01/05/2023 05:30:00,0.8881
01/05/2023 05:45:00,0.8004
01/05/2023 06:00:00,0.8343
01/05/2023 06:15:00,0.6258
01/05/2023 06:30:00,0.1477
01/05/2023 06:45:00,0.3575
01/05/2023 07:00:00,0.0755
01/05/2023 07:15:00,0.1041
01/05/2023 07:30:00,0.1367
01/05/2023 07:45:00,0.0959
01/05/2023 08:00:00,0.0274
01/05/2023 08:15:00,0.0306
01/05/2023 08:30:00,0.0299
01/05/2023 08:45:00,0.0273
01/05/2023 09:00:00,0.0392
01/05/2023 09:15:00,0.1004
01/05/2023 09:30:00,0.1006
01/05/2023 09:45:00,0.0347
01/05/2023 10:00:00,0.0352
01/05/2023 10:15:00,0.0349
01/05/2023 10:30:00,0.0355
01/05/2023 10:45:00,0.0321
01/05/2023 11:00:00,0.0321
01/05/2023 11:15:00,0.0318
01/05/2023 11:30:00,0.0326
01/05/2023 11:45:00,0.0314
01/05/2023 12:00:00,0.0330
01/05/2023 12:15:00,0.0422
01/05/2023 12:30:00,0.0328
01/05/2023 12:45:00,0.0382
01/05/2023 13:00:00,0.0368
01/05/2023 13:15:00,0.0346
01/05/2023 13:30:00,0.0362
01/05/2023 13:45:00,0.0361
01/05/2023 14:00:00,0.0359
01/05/2023 14:15:00,0.0334
01/05/2023 14:30:00,0.0365
01/05/2023 14:45:00,0.0430
01/05/2023 15:00:00,0.0428
01/05/2023 15:15:00,0.0548
01/05/2023 15:30:00,0.0371
01/05/2023 15:45:00,0.0350
01/05/2023 16:00:00,0.0403
01/05/2023 16:15:00,0.0983
01/05/2023 16:30:00,0.1166
01/05/2023 16:45:00,0.0803
01/05/2023 17:00:00,0.0415
01/05/2023 17:15:00,0.0388
01/05/2023 17:30:00,0.2619
01/05/2023 17:45:00,0.4768
01/05/2023 18:00:00,0.1015
01/05/2023 18:15:00,0.0507
01/05/2023 18:30:00,0.1315
01/05/2023 18:45:00,0.1414
01/05/2023 19:00:00,0.1539
01/05/2023 19:15:00,0.1767
01/05/2023 19:30:00,0.1850
01/05/2023 19:45:00,0.1682
01/05/2023 20:00:00,0.1665
01/05/2023 20:15:00,0.1701
01/05/2023 20:30:00,0.2001
01/05/2023 20:45:00,0.1988
01/05/2023 21:00:00,0.1564
01/05/2023 21:15:00,0.1557
01/05/2023 21:30:00,0.0845
01/05/2023 21:45:00,0.3151
01/05/2023 22:00:00,0.2754
01/05/2023 22:15:00,0.2657
01/05/2023 22:30:00,0.3083
01/05/2023 22:45:00,0.3197
01/05/2023 23:00:00,0.3398
01/05/2023 23:15:00,0.2842
01/05/2023 23:30:00,0.2613
01/05/2023 23:45:00,0.2551
01/06/2023 00:00:00,0.2502
01/06/2023 00:15:00,0.2552
01/06/2023 00:30:00,0.2541
01/06/2023 00:45:00,0.2509
01/06/2023 01:00:00,0.0582
01/06/2023 01:15:00,0.0514
01/06/2023 01:30:00,0.0488
01/06/2023 01:45:00,0.0513
01/06/2023 02:00:00,0.0479
01/06/2023 02:15:00,0.0432
01/06/2023 02:30:00,0.0391
01/06/2023 02:45:00,0.0386
01/06/2023 03:00:00,0.0377
01/06/2023 03:15:00,0.0369
01/06/2023 03:30:00,0.0359
01/06/2023 03:45:00,0.0346
01/06/2023 04:00:00,0.0348
01/06/2023 04:15:00,0.0330
01/06/2023 04:30:00,0.0282
01/06/2023 04:45:00,0.0215
01/06/2023 05:00:00,0.0328
01/06/2023 05:15:00,0.0320
01/06/2023 05:30:00,0.5083
01/06/2023 05:45:00,0.6958
01/06/2023 06:00:00,0.7683
01/06/2023 06:15:00,0.7679
01/06/2023 06:30:00,0.7656
01/06/2023 06:45:00,0.7536
01/06/2023 07:00:00,0.7717
01/06/2023 07:15:00,0.4982
01/06/2023 07:30:00,0.0501
01/06/2023 07:45:00,0.0273
01/06/2023 08:00:00,0.0604
01/06/2023 08:15:00,0.0835
01/06/2023 08:30:00,0.1312
01/06/2023 08:45:00,0.1307
01/06/2023 09:00:00,0.1286
01/06/2023 09:15:00,0.1271
01/06/2023 09:30:00,0.1275
01/06/2023 09:45:00,0.1279
01/06/2023 10:00:00,0.1148
01/06/2023 10:15:00,0.1245
01/06/2023 10:30:00,0.1290
01/06/2023 10:45:00,0.1327
01/06/2023 11:00:00,0.1293
01/06/2023 11:15:00,0.1672
01/06/2023 11:30:00,0.1310
01/06/2023 11:45:00,0.1291
01/06/2023 12:00:00,0.1270
01/06/2023 12:15:00,0.1210
01/06/2023 12:30:00,0.1167
01/06/2023 12:45:00,0.1289
01/06/2023 13:00:00,0.1715
01/06/2023 13:15:00,0.1777
01/06/2023 13:30:00,0.1503
01/06/2023 13:45:00,0.1107
01/06/2023 14:00:00,0.1092
01/06/2023 14:15:00,0.1011
01/06/2023 14:30:00,0.0182
01/06/2023 14:45:00,0.0181
01/06/2023 15:00:00,0.0253
01/06/2023 15:15:00,0.0516
01/06/2023 15:30:00,0.0771
01/06/2023 15:45:00,0.0863
01/06/2023 16:00:00,0.0701
01/06/2023 16:15:00,0.0686
01/06/2023 16:30:00,0.0710
01/06/2023 16:45:00,0.1740
01/06/2023 17:00:00,0.1434
01/06/2023 17:15:00,0.1225
01/06/2023 17:30:00,0.1286
01/06/2023 17:45:00,0.1338
01/06/2023 18:00:00,0.1275
01/06/2023 18:15:00,0.1136
01/06/2023 18:30:00,0.2740
01/06/2023 18:45:00,0.2838
01/06/2023 19:00:00,0.3915
01/06/2023 19:15:00,0.3741
01/06/2023 19:30:00,0.3755
01/06/2023 19:45:00,0.3723
01/06/2023 20:00:00,0.3347
01/06/2023 20:15:00,0.3529
01/06/2023 20:30:00,0.2794
01/06/2023 20:45:00,0.1857
01/06/2023 21:00:00,0.1726
01/06/2023 21:15:00,0.1846
01/06/2023 21:30:00,0.3767
01/06/2023 21:45:00,0.3864
01/06/2023 22:00:00,0.3734
01/06/2023 22:15:00,0.3903
01/06/2023 22:30:00,0.3771
01/06/2023 22:45:00,0.3908
01/06/2023 23:00:00,0.3803
01/06/2023 23:15:00,0.3248
01/06/2023 23:30:00,0.2276
01/06/2023 23:45:00,0.1383
01/07/2023 00:00:00,0.2141
01/07/2023 00:15:00,0.1294
01/07/2023 00:30:00,0.1169
01/07/2023 00:45:00,0.0353
01/07/2023 01:00:00,0.0356
01/07/2023 01:15:00,0.0349
01/07/2023 01:30:00,0.0346
01/07/2023 01:45:00,0.0299
01/07/2023 02:00:00,0.0255
01/07/2023 02:15:00,0.0235
01/07/2023 02:30:00,0.0224
01/07/2023 02:45:00,0.0217
01/07/2023 03:00:00,0.0213
01/07/2023 03:15:00,0.0206
01/07/2023 03:30:00,0.0200
01/07/2023 03:45:00,0.0200
01/07/2023 04:00:00,0.0200
01/07/2023 04:15:00,0.0200
01/07/2023 04:30:00,0.0201
01/07/2023 04:45:00,0.0170
01/07/2023 05:00:00,0.0139
01/07/2023 05:15:00,0.0115
01/07/2023 05:30:00,0.0116
01/07/2023 05:45:00,0.0116
01/07/2023 06:00:00,0.0416
01/07/2023 06:15:00,0.0441
01/07/2023 06:30:00,0.0155
01/07/2023 06:45:00,0.0154
01/07/2023 07:00:00,0.0153
01/07/2023 07:15:00,0.2929
01/07/2023 07:30:00,0.2969
01/07/2023 07:45:00,0.1538
01/07/2023 08:00:00,0.4803
01/07/2023 08:15:00,0.6881
01/07/2023 08:30:00,0.6887
01/07/2023 08:45:00,0.6550
01/07/2023 09:00:00,0.0636
01/07/2023 09:15:00,0.0480
01/07/2023 09:30:00,0.0565
01/07/2023 09:45:00,0.0398
01/07/2023 10:00:00,0.0410
01/07/2023 10:15:00,0.0953
01/07/2023 10:30:00,0.1114
01/07/2023 10:45:00,0.3202
01/07/2023 11:00:00,0.0500
01/07/2023 11:15:00,0.0447
01/07/2023 11:30:00,0.0432
01/07/2023 11:45:00,0.0615
01/07/2023 12:00:00,0.0439
01/07/2023 12:15:00,0.0446
01/07/2023 12:30:00,0.0439
01/07/2023 12:45:00,0.0456
01/07/2023 13:00:00,0.0475
01/07/2023 13:15:00,0.0645
01/07/2023 13:30:00,0.0475
01/07/2023 13:45:00,0.0465
01/07/2023 14:00:00,0.0598
01/07/2023 14:15:00,0.0813
01/07/2023 14:30:00,0.0717
01/07/2023 14:45:00,0.0561
01/07/2023 15:00:00,0.0421
01/07/2023 15:15:00,0.0285
01/07/2023 15:30:00,0.0267
01/07/2023 15:45:00,0.0259
01/07/2023 16:00:00,0.0235
01/07/2023 16:15:00,0.0192
01/07/2023 16:30:00,0.4556
01/07/2023 16:45:00,1.1203
01/07/2023 17:00:00,1.1518
01/07/2023 17:15:00,0.6831
01/07/2023 17:30:00,0.7231
01/07/2023 17:45:00,0.6417
01/07/2023 18:00:00,0.0308
01/07/2023 18:15:00,0.0312
01/07/2023 18:30:00,0.0313
01/07/2023 18:45:00,0.1475
01/07/2023 19:00:00,0.7543
01/07/2023 19:15:00,0.6090
01/07/2023 19:30:00,0.7591
01/07/2023 19:45:00,0.7627
01/07/2023 20:00:00,0.7424
01/07/2023 20:15:00,0.5735
01/07/2023 20:30:00,0.1429
01/07/2023 20:45:00,0.1422
01/07/2023 21:00:00,0.1413
01/07/2023 21:15:00,0.1414
01/07/2023 21:30:00,0.1928
01/07/2023 21:45:00,0.3442
01/07/2023 22:00:00,0.4281
01/07/2023 22:15:00,0.4808
01/07/2023 22:30:00,0.5480
01/07/2023 22:45:00,0.5478
01/07/2023 23:00:00,0.2654
01/07/2023 23:15:00,0.2246
01/07/2023 23:30:00,0.1919
01/07/2023 23:45:00,0.2015
01/08/2023 00:00:00,0.2403
01/08/2023 00:15:00,0.2667
01/08/2023 00:30:00,0.2646
01/08/2023 00:45:00,0.2536
01/08/2023 01:00:00,0.1810
01/08/2023 01:15:00,0.1595
01/08/2023 01:30:00,0.1777
01/08/2023 01:45:00,0.1510
01/08/2023 02:00:00,0.1556
01/08/2023 02:15:00,0.1604
01/08/2023 02:30:00,0.1828
01/08/2023 02:45:00,0.1800
01/08/2023 03:00:00,0.0947
01/08/2023 03:15:00,0.0642
01/08/2023 03:30:00,0.0593
01/08/2023 03:45:00,0.0515
01/08/2023 04:00:00,0.0431
01/08/2023 04:15:00,0.0510
01/08/2023 04:30:00,0.0733
01/08/2023 04:45:00,0.0746
01/08/2023 05:00:00,0.0406
01/08/2023 05:15:00,0.0561
01/08/2023 05:30:00,0.0401
01/08/2023 05:45:00,0.0440
01/08/2023 06:00:00,0.0616
01/08/2023 06:15:00,0.0489
01/08/2023 06:30:00,0.0489
01/08/2023 06:45:00,0.0584
01/08/2023 07:00:00,0.4816
01/08/2023 07:15:00,0.0437
01/08/2023 07:30:00,0.0427
01/08/2023 07:45:00,0.0547
01/08/2023 08:00:00,0.0424
01/08/2023 08:15:00,0.0418
01/08/2023 08:30:00,0.0438
01/08/2023 08:45:00,0.0537
01/08/2023 09:00:00,0.0412
01/08/2023 09:15:00,0.0410
01/08/2023 09:30:00,0.0405
01/08/2023 09:45:00,0.0505
01/08/2023 10:00:00,0.0462
01/08/2023 10:15:00,0.0409
01/08/2023 10:30:00,0.0626
01/08/2023 10:45:00,0.2192
01/08/2023 11:00:00,0.6932
01/08/2023 11:15:00,0.1508
01/08/2023 11:30:00,0.1099
01/08/2023 11:45:00,0.3354
01/08/2023 12:00:00,0.1505
01/08/2023 12:15:00,0.1413
01/08/2023 12:30:00,0.0954
01/08/2023 12:45:00,0.0657
01/08/2023 13:00:00,0.0804
01/08/2023 13:15:00,0.0659
01/08/2023 13:30:00,0.0658
01/08/2023 13:45:00,0.0677
01/08/2023 14:00:00,0.0818
01/08/2023 14:15:00,0.0678
01/08/2023 14:30:00,0.1132
01/08/2023 14:45:00,0.0932
01/08/2023 15:00:00,0.0545
01/08/2023 15:15:00,0.0609
01/08/2023 15:30:00,0.1760
01/08/2023 15:45:00,0.3072
01/08/2023 16:00:00,0.3412
01/08/2023 16:15:00,0.3169
01/08/2023 16:30:00,0.3296
01/08/2023 16:45:00,0.3487
01/08/2023 17:00:00,0.3247
01/08/2023 17:15:00,0.3289
01/08/2023 17:30:00,0.2559
01/08/2023 17:45:00,0.3446
01/08/2023 18:00:00,0.2942
01/08/2023 18:15:00,0.3873
01/08/2023 18:30:00,0.3111
01/08/2023 18:45:00,0.3445
01/08/2023 19:00:00,0.3479
01/08/2023 19:15:00,0.3677
01/08/2023 19:30:00,0.3156
01/08/2023 19:45:00,0.2586
01/08/2023 20:00:00,0.2376
01/08/2023 20:15:00,0.2274
01/08/2023 20:30:00,0.2233
01/08/2023 20:45:00,0.2980
01/08/2023 21:00:00,0.4496
01/08/2023 21:15:00,0.5436
01/08/2023 21:30:00,0.5341
01/08/2023 21:45:00,0.5525
01/08/2023 22:00:00,0.5963
01/08/2023 22:15:00,0.5833
01/08/2023 22:30:00,0.6568
01/08/2023 22:45:00,0.6664
01/08/2023 23:00:00,0.5256
01/08/2023 23:15:00,0.5411
01/08/2023 23:30:00,0.4425
01/08/2023 23:45:00,0.2740
01/09/2023 00:00:00,0.2594
01/09/2023 00:15:00,0.2628
01/09/2023 00:30:00,0.2645
01/09/2023 00:45:00,0.2655
01/09/2023 01:00:00,0.2676
01/09/2023 01:15:00,0.0738
01/09/2023 01:30:00,0.0622
01/09/2023 01:45:00,0.0576
01/09/2023 02:00:00,0.0479
01/09/2023 02:15:00,0.0431
01/09/2023 02:30:00,0.0456
01/09/2023 02:45:00,0.0421
01/09/2023 03:00:00,0.0401
01/09/2023 03:15:00,0.0379
01/09/2023 03:30:00,0.0359
01/09/2023 03:45:00,0.0365
01/09/2023 04:00:00,0.0357
01/09/2023 04:15:00,0.0586
01/09/2023 04:30:00,0.6410
01/09/2023 04:45:00,0.7599
01/09/2023 05:00:00,0.7407
01/09/2023 05:15:00,0.9608
01/09/2023 05:30:00,0.9005
01/09/2023 05:45:00,0.8784
01/09/2023 06:00:00,0.6543
01/09/2023 06:15:00,0.0622
01/09/2023 06:30:00,0.0715
01/09/2023 06:45:00,0.0647
01/09/2023 07:00:00,0.0709
01/09/2023 07:15:00,0.1192
01/09/2023 07:30:00,0.1326
01/09/2023 07:45:00,0.1385
01/09/2023 08:00:00,0.0356
01/09/2023 08:15:00,0.0365
01/09/2023 08:30:00,0.0429
01/09/2023 08:45:00,0.0305
01/09/2023 09:00:00,0.0366
01/09/2023 09:15:00,0.0391
01/09/2023 09:30:00,0.0426
01/09/2023 09:45:00,0.0329
01/09/2023 10:00:00,0.0496
01/09/2023 10:15:00,0.0437
01/09/2023 10:30:00,0.0476
01/09/2023 10:45:00,0.0355
01/09/2023 11:00:00,0.0327
01/09/2023 11:15:00,0.0321
01/09/2023 11:30:00,0.0384
01/09/2023 11:45:00,0.0284
01/09/2023 12:00:00,0.0333
01/09/2023 12:15:00,0.0382
01/09/2023 12:30:00,0.0313
01/09/2023 12:45:00,0.0393
01/09/2023 13:00:00,0.0390
01/09/2023 13:15:00,0.0337
01/09/2023 13:30:00,0.0373
01/09/2023 13:45:00,0.0346
01/09/2023 14:00:00,0.0386
01/09/2023 14:15:00,0.0317
01/09/2023 14:30:00,0.0356
01/09/2023 14:45:00,0.0373
01/09/2023 15:00:00,0.0398
01/09/2023 15:15:00,0.0439
01/09/2023 15:30:00,0.0407
01/09/2023 15:45:00,0.0451
01/09/2023 16:00:00,0.0358
01/09/2023 16:15:00,0.0490
01/09/2023 16:30:00,0.0820
01/09/2023 16:45:00,0.0855
01/09/2023 17:00:00,0.0859
01/09/2023 17:15:00,0.1524
01/09/2023 17:30:00,0.1717
01/09/2023 17:45:00,0.0982
01/09/2023 18:00:00,0.2010
01/09/2023 18:15:00,0.2284
01/09/2023 18:30:00,0.2118
01/09/2023 18:45:00,0.3078
01/09/2023 19:00:00,0.8588
01/09/2023 19:15:00,0.8772
01/09/2023 19:30:00,0.8744
01/09/2023 19:45:00,0.8731
01/09/2023 20:00:00,0.7816
01/09/2023 20:15:00,0.3342
01/09/2023 20:30:00,0.3302
01/09/2023 20:45:00,0.2857
01/09/2023 21:00:00,0.2658
01/09/2023 21:15:00,0.2693
01/09/2023 21:30:00,0.3156
01/09/2023 21:45:00,0.2667
01/09/2023 22:00:00,0.2683
01/09/2023 22:15:00,0.1547
01/09/2023 22:30:00,0.1089
01/09/2023 22:45:00,0.1185
01/09/2023 23:00:00,0.1059
01/09/2023 23:15:00,0.1222
01/09/2023 23:30:00,0.1530
01/09/2023 23:45:00,0.2106
01/10/2023 00:00:00,0.1443
01/10/2023 00:15:00,0.1734
01/10/2023 00:30:00,0.0912
01/10/2023 00:45:00,0.0450
01/10/2023 01:00:00,0.0464
01/10/2023 01:15:00,0.0417
01/10/2023 01:30:00,0.0413
01/10/2023 01:45:00,0.0320
01/10/2023 02:00:00,0.0416
01/10/2023 02:15:00,0.0364
01/10/2023 02:30:00,0.0403
01/10/2023 02:45:00,0.0360
01/10/2023 03:00:00,0.0419
01/10/2023 03:15:00,0.0354
01/10/2023 03:30:00,0.0354
01/10/2023 03:45:00,0.0367
01/10/2023 04:00:00,0.0539
01/10/2023 04:15:00,0.0355
01/10/2023 04:30:00,0.0746
01/10/2023 04:45:00,0.6859
01/10/2023 05:00:00,0.7279
01/10/2023 05:15:00,0.9674
01/10/2023 05:30:00,0.8732
01/10/2023 05:45:00,0.8926
01/10/2023 06:00:00,0.8926
01/10/2023 06:15:00,0.5897
01/10/2023 06:30:00,0.2604
01/10/2023 06:45:00,0.0592
01/10/2023 07:00:00,0.0616
01/10/2023 07:15:00,0.0730
01/10/2023 07:30:00,0.0714
01/10/2023 07:45:00,0.0983
01/10/2023 08:00:00,0.0534
01/10/2023 08:15:00,0.0355
01/10/2023 08:30:00,0.0448
01/10/2023 08:45:00,0.0456
01/10/2023 09:00:00,0.0477
01/10/2023 09:15:00,0.0405
01/10/2023 09:30:00,0.0331
01/10/2023 09:45:00,0.0254
01/10/2023 10:00:00,0.0403
01/10/2023 10:15:00,0.0332
01/10/2023 10:30:00,0.0359
01/10/2023 10:45:00,0.0310
01/10/2023 11:00:00,0.0364
01/10/2023 11:15:00,0.0558
01/10/2023 11:30:00,0.0436
01/10/2023 11:45:00,0.0400
01/10/2023 12:00:00,0.0459
01/10/2023 12:15:00,0.0390
01/10/2023 12:30:00,0.2712
01/10/2023 12:45:00,0.3982
01/10/2023 13:00:00,0.1013
01/10/2023 13:15:00,0.1632
01/10/2023 13:30:00,0.1897
01/10/2023 13:45:00,0.1409
01/10/2023 14:00:00,0.1361
01/10/2023 14:15:00,0.1543
01/10/2023 14:30:00,0.1586
01/10/2023 14:45:00,0.1418
01/10/2023 15:00:00,0.0453
01/10/2023 15:15:00,0.0271
01/10/2023 15:30:00,0.0349
01/10/2023 15:45:00,0.0524
01/10/2023 16:00:00,0.0706
01/10/2023 16:15:00,0.0895
01/10/2023 16:30:00,0.0780
01/10/2023 16:45:00,0.0782
01/10/2023 17:00:00,0.0799
01/10/2023 17:15:00,0.0832
01/10/2023 17:30:00,0.1256
01/10/2023 17:45:00,0.3260
01/10/2023 18:00:00,0.7467
01/10/2023 18:15:00,0.5196
01/10/2023 18:30:00,0.1791
01/10/2023 18:45:00,0.2053
01/10/2023 19:00:00,0.1973
01/10/2023 19:15:00,0.1918
01/10/2023 19:30:00,0.1819
01/10/2023 19:45:00,0.1820
01/10/2023 20:00:00,0.1818
01/10/2023 20:15:00,0.1791
01/10/2023 20:30:00,0.1814
01/10/2023 20:45:00,0.1887
01/10/2023 21:00:00,0.2285
01/10/2023 21:15:00,0.2371
01/10/2023 21:30:00,0.2271
01/10/2023 21:45:00,0.2253
01/10/2023 22:00:00,0.3019
01/10/2023 22:15:00,0.2799
01/10/2023 22:30:00,0.1794
01/10/2023 22:45:00,0.1389
01/10/2023 23:00:00,0.1584
01/10/2023 23:15:00,0.1834
01/10/2023 23:30:00,0.1730
01/10/2023 23:45:00,0.0464
01/11/2023 00:00:00,0.0363
01/11/2023 00:15:00,0.0325
01/11/2023 00:30:00,0.0259
01/11/2023 00:45:00,0.0218
01/11/2023 01:00:00,0.0200
01/11/2023 01:15:00,0.0184
01/11/2023 01:30:00,0.0169
01/11/2023 01:45:00,0.0162
01/11/2023 02:00:00,0.0160
01/11/2023 02:15:00,0.0163
01/11/2023 02:30:00,0.0158
01/11/2023 02:45:00,0.0158
01/11/2023 03:00:00,0.0157
01/11/2023 03:15:00,0.0156
01/11/2023 03:30:00,0.0158
01/11/2023 03:45:00,0.0156
01/11/2023 04:00:00,0.0157
01/11/2023 04:15:00,0.0155
01/11/2023 04:30:00,0.0157
01/11/2023 04:45:00,0.3905
01/11/2023 05:00:00,0.6772
01/11/2023 05:15:00,0.6749
01/11/2023 05:30:00,0.6915
01/11/2023 05:45:00,0.9015
01/11/2023 06:00:00,0.7986
01/11/2023 06:15:00,0.8666
01/11/2023 06:30:00,0.9360
01/11/2023 06:45:00,0.7433
01/11/2023 07:00:00,0.6684
01/11/2023 07:15:00,0.3727
01/11/2023 07:30:00,0.1412
01/11/2023 07:45:00,0.3372
01/11/2023 08:00:00,0.0501
01/11/2023 08:15:00,0.0354
01/11/2023 08:30:00,0.0358
01/11/2023 08:45:00,0.0435
01/11/2023 09:00:00,0.0313
01/11/2023 09:15:00,0.0382
01/11/2023 09:30:00,0.0382
01/11/2023 09:45:00,0.0361
01/11/2023 10:00:00,0.0392
01/11/2023 10:15:00,0.0381
01/11/2023 10:30:00,0.0358
01/11/2023 10:45:00,0.0504
01/11/2023 11:00:00,0.0374
01/11/2023 11:15:00,0.0377
01/11/2023 11:30:00,0.0453
01/11/2023 11:45:00,0.0338
01/11/2023 12:00:00,0.0888
01/11/2023 12:15:00,0.1329
01/11/2023 12:30:00,0.1408
01/11/2023 12:45:00,0.1457
01/11/2023 13:00:00,0.0965
01/11/2023 13:15:00,0.0847
01/11/2023 13:30:00,0.2257
01/11/2023 13:45:00,0.2337
01/11/2023 14:00:00,0.2364
01/11/2023 14:15:00,0.2171
01/11/2023 14:30:00,0.2221
01/11/2023 14:45:00,0.1550
01/11/2023 15:00:00,0.0470
01/11/2023 15:15:00,0.0291
01/11/2023 15:30:00,0.0333
01/11/2023 15:45:00,0.1572
01/11/2023 16:00:00,0.1218
01/11/2023 16:15:00,0.0380
01/11/2023 16:30:00,0.0491
01/11/2023 16:45:00,0.0899
01/11/2023 17:00:00,0.5093
01/11/2023 17:15:00,0.6070
01/11/2023 17:30:00,0.6212
01/11/2023 17:45:00,0.5360
01/11/2023 18:00:00,0.0718
01/11/2023 18:15:00,0.1610
01/11/2023 18:30:00,0.2069
01/11/2023 18:45:00,0.3029
01/11/2023 19:00:00,0.3098
01/11/2023 19:15:00,0.3106
01/11/2023 19:30:00,0.2777
01/11/2023 19:45:00,0.3518
01/11/2023 20:00:00,0.3962
01/11/2023 20:15:00,0.3909
01/11/2023 20:30:00,0.3826
01/11/2023 20:45:00,0.3586
01/11/2023 21:00:00,0.3604
01/11/2023 21:15:00,0.3603
01/11/2023 21:30:00,0.3504
01/11/2023 21:45:00,0.3538
01/11/2023 22:00:00,0.3282
01/11/2023 22:15:00,0.3322
01/11/2023 22:30:00,0.3588
01/11/2023 22:45:00,0.3423
01/11/2023 23:00:00,0.3567
01/11/2023 23:15:00,0.2510
01/11/2023 23:30:00,0.1588
01/11/2023 23:45:00,0.0435
01/12/2023 00:00:00,0.0264
01/12/2023 00:15:00,0.0178
01/12/2023 00:30:00,0.0132
01/12/2023 00:45:00,0.0107
01/12/2023 01:00:00,0.0105
01/12/2023 01:15:00,0.0097
01/12/2023 01:30:00,0.0108
01/12/2023 01:45:00,0.0085
01/12/2023 02:00:00,0.0088
01/12/2023 02:15:00,0.0087
01/12/2023 02:30:00,0.0087
01/12/2023 02:45:00,0.0092
01/12/2023 03:00:00,0.0294
01/12/2023 03:15:00,0.0468
01/12/2023 03:30:00,0.0088
01/12/2023 03:45:00,0.0088
01/12/2023 04:00:00,0.0086
01/12/2023 04:15:00,0.0087
01/12/2023 04:30:00,0.0106
01/12/2023 04:45:00,0.4650
01/12/2023 05:00:00,0.6870
01/12/2023 05:15:00,0.7276
01/12/2023 05:30:00,0.7527
01/12/2023 05:45:00,0.9384
01/12/2023 06:00:00,1.0709
01/12/2023 06:15:00,0.8786
01/12/2023 06:30:00,0.9158
01/12/2023 06:45:00,0.7907
01/12/2023 07:00:00,0.1705
01/12/2023 07:15:00,0.4943
01/12/2023 07:30:00,0.1623
01/12/2023 07:45:00,0.1134
01/12/2023 08:00:00,0.0467
01/12/2023 08:15:00,0.0392
01/12/2023 08:30:00,0.0367
01/12/2023 08:45:00,0.0391
01/12/2023 09:00:00,0.0353
01/12/2023 09:15:00,0.0407
01/12/2023 09:30:00,0.0432
01/12/2023 09:45:00,0.0856
01/12/2023 10:00:00,0.0352
01/12/2023 10:15:00,0.0317
01/12/2023 10:30:00,0.0293
01/12/2023 10:45:00,0.0372
01/12/2023 11:00:00,0.0345
01/12/2023 11:15:00,0.0354
01/12/2023 11:30:00,0.0318
01/12/2023 11:45:00,0.0394
01/12/2023 12:00:00,0.0250
01/12/2023 12:15:00,0.0306
01/12/2023 12:30:00,0.0279
01/12/2023 12:45:00,0.0339
01/12/2023 13:00:00,0.0485
01/12/2023 13:15:00,0.0413
01/12/2023 13:30:00,0.0434
01/12/2023 13:45:00,0.0428
01/12/2023 14:00:00,0.0407
01/12/2023 14:15:00,0.0344
01/12/2023 14:30:00,0.0377
01/12/2023 14:45:00,0.0359
01/12/2023 15:00:00,0.0315
01/12/2023 15:15:00,0.0372
01/12/2023 15:30:00,0.0323
01/12/2023 15:45:00,0.0323
01/12/2023 16:00:00,0.0373
01/12/2023 16:15:00,0.0323
01/12/2023 16:30:00,0.0378
01/12/2023 16:45:00,0.1008
01/12/2023 17:00:00,0.1244
01/12/2023 17:15:00,0.0505
01/12/2023 17:30:00,0.0276
01/12/2023 17:45:00,0.0891
01/12/2023 18:00:00,0.1399
01/12/2023 18:15:00,0.1772
01/12/2023 18:30:00,0.2123
01/12/2023 18:45:00,0.2883
01/12/2023 19:00:00,0.2985
01/12/2023 19:15:00,0.3024
01/12/2023 19:30:00,0.2878
01/12/2023 19:45:00,0.1745
01/12/2023 20:00:00,0.2100
01/12/2023 20:15:00,0.2083
01/12/2023 20:30:00,0.2177
01/12/2023 20:45:00,0.2860
01/12/2023 21:00:00,0.3020
01/12/2023 21:15:00,0.2864
01/12/2023 21:30:00,0.2443
01/12/2023 21:45:00,0.2008
01/12/2023 22:00:00,0.1581
01/12/2023 22:15:00,0.1468
01/12/2023 22:30:00,0.1362
01/12/2023 22:45:00,0.1395
01/12/2023 23:00:00,0.1260
01/12/2023 23:15:00,0.1298
01/12/2023 23:30:00,0.1390
01/12/2023 23:45:00,0.1434
01/13/2023 00:00:00,0.1340
01/13/2023 00:15:00,0.0239
01/13/2023 00:30:00,0.0309
01/13/2023 00:45:00,0.0285
01/13/2023 01:00:00,0.0234
01/13/2023 01:15:00,0.0201
01/13/2023 01:30:00,0.0189
01/13/2023 01:45:00,0.0177
01/13/2023 02:00:00,0.0182
01/13/2023 02:15:00,0.0169
01/13/2023 02:30:00,0.0158
01/13/2023 02:45:00,0.0158
01/13/2023 03:00:00,0.0161
01/13/2023 03:15:00,0.0159
01/13/2023 03:30:00,0.0156
01/13/2023 03:45:00,0.0156
01/13/2023 04:00:00,0.0156
01/13/2023 04:15:00,0.0156
01/13/2023 04:30:00,0.0158
01/13/2023 04:45:00,0.3489
01/13/2023 05:00:00,0.5924
01/13/2023 05:15:00,0.5775
01/13/2023 05:30:00,0.6482
01/13/2023 05:45:00,0.6720
01/13/2023 06:00:00,0.6514
01/13/2023 06:15:00,0.6620
01/13/2023 06:30:00,0.7360
01/13/2023 06:45:00,0.8952
01/13/2023 07:00:00,0.4565
01/13/2023 07:15:00,0.1172
01/13/2023 07:30:00,0.1741
01/13/2023 07:45:00,0.0385
01/13/2023 08:00:00,0.0281
01/13/2023 08:15:00,0.0209
01/13/2023 08:30:00,0.0208
01/13/2023 08:45:00,0.0208
01/13/2023 09:00:00,0.0208
01/13/2023 09:15:00,0.0207
01/13/2023 09:30:00,0.0199
01/13/2023 09:45:00,0.0192
01/13/2023 10:00:00,0.0190
01/13/2023 10:15:00,0.0206
01/13/2023 10:30:00,0.0185
01/13/2023 10:45:00,0.0429
01/13/2023 11:00:00,0.0880
01/13/2023 11:15:00,0.0863
01/13/2023 11:30:00,0.0860
01/13/2023 11:45:00,0.0859
01/13/2023 12:00:00,0.0863
01/13/2023 12:15:00,0.0872
01/13/2023 12:30:00,0.0863
01/13/2023 12:45:00,0.0860
01/13/2023 13:00:00,0.0859
01/13/2023 13:15:00,0.0668
01/13/2023 13:30:00,0.0194
01/13/2023 13:45:00,0.0189
01/13/2023 14:00:00,0.0180
01/13/2023 14:15:00,0.0179
01/13/2023 14:30:00,0.0175
01/13/2023 14:45:00,0.0166
01/13/2023 15:00:00,0.0168
01/13/2023 15:15:00,0.0164
01/13/2023 15:30:00,0.0171
01/13/2023 15:45:00,0.0195
01/13/2023 16:00:00,0.5616
01/13/2023 16:15:00,0.5854
01/13/2023 16:30:00,0.5947
01/13/2023 16:45:00,0.5942
01/13/2023 17:00:00,0.0867
01/13/2023 17:15:00,0.4002
01/13/2023 17:30:00,0.1757
01/13/2023 17:45:00,0.0552
01/13/2023 18:00:00,0.0692
01/13/2023 18:15:00,0.1501
01/13/2023 18:30:00,0.4433
01/13/2023 18:45:00,0.6230
01/13/2023 19:00:00,0.7084
01/13/2023 19:15:00,0.7140
01/13/2023 19:30:00,0.7205
01/13/2023 19:45:00,0.7432
01/13/2023 20:00:00,0.7287
01/13/2023 20:15:00,0.7664
01/13/2023 20:30:00,0.6623
01/13/2023 20:45:00,0.5405
01/13/2023 21:00:00,0.1414
01/13/2023 21:15:00,0.1396
01/13/2023 21:30:00,0.1366
01/13/2023 21:45:00,0.1461
01/13/2023 22:00:00,0.1190
01/13/2023 22:15:00,0.0745
01/13/2023 22:30:00,0.1549
01/13/2023 22:45:00,0.1654
01/13/2023 23:00:00,0.1355
01/13/2023 23:15:00,0.1106
01/13/2023 23:30:00,0.0305
01/13/2023 23:45:00,0.0281
01/14/2023 00:00:00,0.0431
01/14/2023 00:15:00,0.0268
01/14/2023 00:30:00,0.0249
01/14/2023 00:45:00,0.0237
01/14/2023 01:00:00,0.0213
01/14/2023 01:15:00,0.0188
01/14/2023 01:30:00,0.0175
01/14/2023 01:45:00,0.0163
01/14/2023 02:00:00,0.0153
01/14/2023 02:15:00,0.0151
01/14/2023 02:30:00,0.0154
01/14/2023 02:45:00,0.0154
01/14/2023 03:00:00,0.0154
01/14/2023 03:15:00,0.0153
01/14/2023 03:30:00,0.0154
01/14/2023 03:45:00,0.0154
01/14/2023 04:00:00,0.0154
01/14/2023 04:15:00,0.0156
01/14/2023 04:30:00,0.0154
01/14/2023 04:45:00,0.0156
01/14/2023 05:00:00,0.0154
01/14/2023 05:15:00,0.0153
01/14/2023 05:30:00,0.0153
01/14/2023 05:45:00,0.4757
01/14/2023 06:00:00,0.6143
01/14/2023 06:15:00,0.6233
01/14/2023 06:30:00,0.6169
01/14/2023 06:45:00,0.6862
01/14/2023 07:00:00,0.7029
01/14/2023 07:15:00,0.9795
01/14/2023 07:30:00,0.8740
01/14/2023 07:45:00,0.3629
01/14/2023 08:00:00,0.1208
01/14/2023 08:15:00,0.0297
01/14/2023 08:30:00,0.0158
01/14/2023 08:45:00,0.0187
01/14/2023 09:00:00,0.0424
01/14/2023 09:15:00,0.0190
01/14/2023 09:30:00,0.0188
01/14/2023 09:45:00,0.0186
01/14/2023 10:00:00,0.0186
01/14/2023 10:15:00,0.0393
01/14/2023 10:30:00,0.1241
01/14/2023 10:45:00,0.1079
01/14/2023 11:00:00,0.1036
01/14/2023 11:15:00,0.0917
01/14/2023 11:30:00,0.0897
01/14/2023 11:45:00,0.0977
01/14/2023 12:00:00,0.1140
01/14/2023 12:15:00,0.0775
01/14/2023 12:30:00,0.0085
01/14/2023 12:45:00,0.0120
01/14/2023 13:00:00,0.0109
01/14/2023 13:15:00,0.0110
01/14/2023 13:30:00,0.0110
01/14/2023 13:45:00,0.0123
01/14/2023 14:00:00,0.1495
01/14/2023 14:15:00,0.0922
01/14/2023 14:30:00,0.0855
01/14/2023 14:45:00,0.0707
01/14/2023 15:00:00,0.0822
01/14/2023 15:15:00,0.0831
01/14/2023 15:30:00,0.0735
01/14/2023 15:45:00,0.0836
01/14/2023 16:00:00,0.0669
01/14/2023 16:15:00,0.0848
01/14/2023 16:30:00,0.0663
01/14/2023 16:45:00,0.0811
01/14/2023 17:00:00,0.0665
01/14/2023 17:15:00,0.0771
01/14/2023 17:30:00,0.0720
01/14/2023 17:45:00,0.0666
01/14/2023 18:00:00,0.0850
01/14/2023 18:15:00,0.0730
01/14/2023 18:30:00,0.0787
01/14/2023 18:45:00,0.1042
01/14/2023 19:00:00,0.1228
01/14/2023 19:15:00,0.2164
01/14/2023 19:30:00,0.1826
01/14/2023 19:45:00,0.1424
01/14/2023 20:00:00,0.1590
01/14/2023 20:15:00,0.1882
01/14/2023 20:30:00,0.1943
01/14/2023 20:45:00,0.2004
01/14/2023 21:00:00,0.1890
01/14/2023 21:15:00,0.1690
01/14/2023 21:30:00,0.1657
01/14/2023 21:45:00,0.1564
01/14/2023 22:00:00,0.1569
01/14/2023 22:15:00,0.1758
01/14/2023 22:30:00,0.1551
01/14/2023 22:45:00,0.1561
01/14/2023 23:00:00,0.1598
01/14/2023 23:15:00,0.2687
01/14/2023 23:30:00,0.1160
01/14/2023 23:45:00,0.0706
01/15/2023 00:00:00,0.0931
01/15/2023 00:15:00,0.0598
01/15/2023 00:30:00,0.0455
01/15/2023 00:45:00,0.0381
01/15/2023 01:00:00,0.0335
01/15/2023 01:15:00,0.0331
01/15/2023 01:30:00,0.0414
01/15/2023 01:45:00,0.0355
01/15/2023 02:00:00,0.0300
01/15/2023 02:15:00,0.0300
01/15/2023 02:30:00,0.0294
01/15/2023 02:45:00,0.0280
01/15/2023 03:00:00,0.0372
01/15/2023 03:15:00,0.0339
01/15/2023 03:30:00,0.0270
01/15/2023 03:45:00,0.0271
01/15/2023 04:00:00,0.0282
01/15/2023 04:15:00,0.0288
01/15/2023 04:30:00,0.0279
01/15/2023 04:45:00,0.0351
01/15/2023 05:00:00,0.0260
01/15/2023 05:15:00,0.0267
01/15/2023 05:30:00,0.0280
01/15/2023 05:45:00,0.0339
01/15/2023 06:00:00,0.0270
01/15/2023 06:15:00,0.0308
01/15/2023 06:30:00,0.0354
01/15/2023 06:45:00,0.0247
01/15/2023 07:00:00,0.0255
01/15/2023 07:15:00,0.0471
01/15/2023 07:30:00,0.0468
01/15/2023 07:45:00,0.2440
01/15/2023 08:00:00,0.2740
01/15/2023 08:15:00,0.3017
01/15/2023 08:30:00,0.1144
01/15/2023 08:45:00,0.2869
01/15/2023 09:00:00,0.2815
01/15/2023 09:15:00,0.2503
01/15/2023 09:30:00,0.2002
01/15/2023 09:45:00,0.3036
01/15/2023 10:00:00,0.2982
01/15/2023 10:15:00,0.2551
01/15/2023 10:30:00,0.2405
01/15/2023 10:45:00,0.2490
01/15/2023 11:00:00,0.2046
01/15/2023 11:15:00,0.2237
01/15/2023 11:30:00,0.2552
01/15/2023 11:45:00,0.1358
01/15/2023 12:00:00,0.0400
01/15/2023 12:15:00,0.0971
01/15/2023 12:30:00,0.0946
01/15/2023 12:45:00,0.0452
01/15/2023 13:00:00,0.0350
01/15/2023 13:15:00,0.0324
01/15/2023 13:30:00,0.0617
01/15/2023 13:45:00,0.0599
01/15/2023 14:00:00,0.0502
01/15/2023 14:15:00,0.0344
01/15/2023 14:30:00,0.0308
01/15/2023 14:45:00,0.0332
01/15/2023 15:00:00,0.0382
01/15/2023 15:15:00,0.0442
01/15/2023 15:30:00,0.0333
01/15/2023 15:45:00,0.0363
01/15/2023 16:00:00,0.0358
01/15/2023 16:15:00,0.0355
01/15/2023 16:30:00,0.0385
01/15/2023 16:45:00,0.0465
01/15/2023 17:00:00,0.0347
01/15/2023 17:15:00,0.0470
01/15/2023 17:30:00,0.0348
01/15/2023 17:45:00,0.0351
01/15/2023 18:00:00,0.0828
01/15/2023 18:15:00,0.0942
01/15/2023 18:30:00,0.1210
01/15/2023 18:45:00,0.1288
01/15/2023 19:00:00,0.1310
01/15/2023 19:15:00,0.1226
01/15/2023 19:30:00,0.2167
01/15/2023 19:45:00,0.2599
01/15/2023 20:00:00,0.2820
01/15/2023 20:15:00,0.2872
01/15/2023 20:30:00,0.2335
01/15/2023 20:45:00,0.1634
01/15/2023 21:00:00,0.1879
01/15/2023 21:15:00,0.2571
01/15/2023 21:30:00,0.2561
01/15/2023 21:45:00,0.2620
01/15/2023 22:00:00,0.2789
01/15/2023 22:15:00,0.2755
01/15/2023 22:30:00,0.0576
01/15/2023 22:45:00,0.0557
01/15/2023 23:00:00,0.0614
01/15/2023 23:15:00,0.0654
01/15/2023 23:30:00,0.0465
01/15/2023 23:45:00,0.0447
01/16/2023 00:00:00,0.0436
01/16/2023 00:15:00,0.0428
01/16/2023 00:30:00,0.0401
01/16/2023 00:45:00,0.0493
01/16/2023 01:00:00,0.0421
01/16/2023 01:15:00,0.0339
01/16/2023 01:30:00,0.0340
01/16/2023 01:45:00,0.0329
01/16/2023 02:00:00,0.0344
01/16/2023 02:15:00,0.0323
01/16/2023 02:30:00,0.0330
01/16/2023 02:45:00,0.0330
01/16/2023 03:00:00,0.0325
01/16/2023 03:15:00,0.0345
01/16/2023 03:30:00,0.0363
01/16/2023 03:45:00,0.0390
01/16/2023 04:00:00,0.0353
01/16/2023 04:15:00,0.0342
01/16/2023 04:30:00,0.0348
01/16/2023 04:45:00,0.6020
01/16/2023 05:00:00,0.6424
01/16/2023 05:15:00,0.6078
01/16/2023 05:30:00,0.6644
01/16/2023 05:45:00,0.6884
01/16/2023 06:00:00,0.8938
01/16/2023 06:15:00,0.9029
01/16/2023 06:30:00,0.6702
01/16/2023 06:45:00,0.5106
01/16/2023 07:00:00,0.0624
01/16/2023 07:15:00,0.0466
01/16/2023 07:30:00,0.0383
01/16/2023 07:45:00,0.0568
01/16/2023 08:00:00,0.0341
01/16/2023 08:15:00,0.0497
01/16/2023 08:30:00,0.0339
01/16/2023 08:45:00,0.0379
01/16/2023 09:00:00,0.0374
01/16/2023 09:15:00,0.0369
01/16/2023 09:30:00,0.0347
01/16/2023 09:45:00,0.0349
01/16/2023 10:00:00,0.0411
01/16/2023 10:15:00,0.0346
01/16/2023 10:30:00,0.0359
01/16/2023 10:45:00,0.0350
01/16/2023 11:00:00,0.0354
01/16/2023 11:15:00,0.0502
01/16/2023 11:30:00,0.0422
01/16/2023 11:45:00,0.0352
01/16/2023 12:00:00,0.0359
01/16/2023 12:15:00,0.0384
01/16/2023 12:30:00,0.0377
01/16/2023 12:45:00,0.0311
01/16/2023 13:00:00,0.0322
01/16/2023 13:15:00,0.0326
01/16/2023 13:30:00,0.0539
01/16/2023 13:45:00,0.0368
01/16/2023 14:00:00,0.0347
01/16/2023 14:15:00,0.0421
01/16/2023 14:30:00,0.0414
01/16/2023 14:45:00,0.0349
01/16/2023 15:00:00,0.0373
01/16/2023 15:15:00,0.0418
01/16/2023 15:30:00,0.2236
01/16/2023 15:45:00,0.1508
01/16/2023 16:00:00,0.1788
01/16/2023 16:15:00,0.2198
01/16/2023 16:30:00,0.1896
01/16/2023 16:45:00,0.2300
01/16/2023 17:00:00,0.2352
01/16/2023 17:15:00,0.1888
01/16/2023 17:30:00,0.1425
01/16/2023 17:45:00,0.0452
01/16/2023 18:00:00,0.0488
01/16/2023 18:15:00,0.1226
01/16/2023 18:30:00,0.1417
01/16/2023 18:45:00,0.0678
01/16/2023 19:00:00,0.0612
01/16/2023 19:15:00,0.0637
01/16/2023 19:30:00,0.0631
01/16/2023 19:45:00,0.0670
01/16/2023 20:00:00,0.1031
01/16/2023 20:15:00,0.2375
01/16/2023 20:30:00,0.2525
01/16/2023 20:45:00,0.2515
01/16/2023 21:00:00,0.2494
01/16/2023 21:15:00,0.1818
01/16/2023 21:30:00,0.1636
01/16/2023 21:45:00,0.1605
01/16/2023 22:00:00,0.1583
01/16/2023 22:15:00,0.2358
01/16/2023 22:30:00,0.3138
01/16/2023 22:45:00,0.3461
01/16/2023 23:00:00,0.2785
01/16/2023 23:15:00,0.3385
01/16/2023 23:30:00,0.2871
01/16/2023 23:45:00,0.2375
01/17/2023 00:00:00,0.0540
01/17/2023 00:15:00,0.0460
01/17/2023 00:30:00,0.0385
01/17/2023 00:45:00,0.0274
01/17/2023 01:00:00,0.0196
01/17/2023 01:15:00,0.0202
01/17/2023 01:30:00,0.0186
01/17/2023 01:45:00,0.0169
01/17/2023 02:00:00,0.0163
01/17/2023 02:15:00,0.0156
01/17/2023 02:30:00,0.0149
01/17/2023 02:45:00,0.0147
01/17/2023 03:00:00,0.0148
01/17/2023 03:15:00,0.0147
01/17/2023 03:30:00,0.0147
01/17/2023 03:45:00,0.0148
01/17/2023 04:00:00,0.0149
01/17/2023 04:15:00,0.0146
01/17/2023 04:30:00,0.2801
01/17/2023 04:45:00,0.6168
01/17/2023 05:00:00,0.6530
01/17/2023 05:15:00,0.6984
01/17/2023 05:30:00,0.6935
01/17/2023 05:45:00,0.7338
01/17/2023 06:00:00,0.7671
01/17/2023 06:15:00,0.9164
01/17/2023 06:30:00,0.8927
01/17/2023 06:45:00,0.6866
01/17/2023 07:00:00,0.0570
01/17/2023 07:15:00,0.0996
01/17/2023 07:30:00,0.0797
01/17/2023 07:45:00,0.0237
01/17/2023 08:00:00,0.0163
01/17/2023 08:15:00,0.0187
01/17/2023 08:30:00,0.0175
01/17/2023 08:45:00,0.0163
01/17/2023 09:00:00,0.0162
01/17/2023 09:15:00,0.0160
01/17/2023 09:30:00,0.0159
01/17/2023 09:45:00,0.0205
01/17/2023 10:00:00,0.0227
01/17/2023 10:15:00,0.0256
01/17/2023 10:30:00,0.0185
01/17/2023 10:45:00,0.0159
01/17/2023 11:00:00,0.0227
01/17/2023 11:15:00,0.0178
01/17/2023 11:30:00,0.0158
01/17/2023 11:45:00,0.0160
01/17/2023 12:00:00,0.0160
01/17/2023 12:15:00,0.0160
01/17/2023 12:30:00,0.0159
01/17/2023 12:45:00,0.0159
01/17/2023 13:00:00,0.0160
01/17/2023 13:15:00,0.0158
01/17/2023 13:30:00,0.0160
01/17/2023 13:45:00,0.0160
01/17/2023 14:00:00,0.0178
01/17/2023 14:15:00,0.0224
01/17/2023 14:30:00,0.0251
01/17/2023 14:45:00,0.0574
01/17/2023 15:00:00,0.0552
01/17/2023 15:15:00,0.0503
01/17/2023 15:30:00,0.0488
01/17/2023 15:45:00,0.0494
01/17/2023 16:00:00,0.0197
01/17/2023 16:15:00,0.0126
01/17/2023 16:30:00,0.0126
01/17/2023 16:45:00,0.0167
01/17/2023 17:00:00,0.0373
01/17/2023 17:15:00,0.0227
01/17/2023 17:30:00,0.0560
01/17/2023 17:45:00,0.0428
01/17/2023 18:00:00,0.0309
01/17/2023 18:15:00,0.2612
01/17/2023 18:30:00,0.6196
01/17/2023 18:45:00,0.5774
01/17/2023 19:00:00,0.6247
01/17/2023 19:15:00,0.6568
01/17/2023 19:30:00,0.3286
01/17/2023 19:45:00,0.3202
01/17/2023 20:00:00,0.3298
01/17/2023 20:15:00,0.5023
01/17/2023 20:30:00,0.8280
01/17/2023 20:45:00,0.8337
01/17/2023 21:00:00,0.8949
01/17/2023 21:15:00,0.8351
01/17/2023 21:30:00,0.3555
01/17/2023 21:45:00,0.3549
01/17/2023 22:00:00,0.6760
01/17/2023 22:15:00,0.6663
01/17/2023 22:30:00,0.2965
01/17/2023 22:45:00,0.5792
01/17/2023 23:00:00,0.5162
01/17/2023 23:15:00,0.2490
01/17/2023 23:30:00,0.2417
01/17/2023 23:45:00,0.1529
01/18/2023 00:00:00,0.0595
01/18/2023 00:15:00,0.0707
01/18/2023 00:30:00,0.0581
01/18/2023 00:45:00,0.0605
01/18/2023 01:00:00,0.0591
01/18/2023 01:15:00,0.0449
01/18/2023 01:30:00,0.0577
01/18/2023 01:45:00,0.0374
01/18/2023 02:00:00,0.0544
01/18/2023 02:15:00,0.0383
01/18/2023 02:30:00,0.0467
01/18/2023 02:45:00,0.0422
01/18/2023 03:00:00,0.0344
01/18/2023 03:15:00,0.0534
01/18/2023 03:30:00,0.0344
01/18/2023 03:45:00,0.0450
01/18/2023 04:00:00,0.0424
01/18/2023 04:15:00,0.0345
01/18/2023 04:30:00,0.0448
01/18/2023 04:45:00,0.0409
01/18/2023 05:00:00,0.5679
01/18/2023 05:15:00,0.7101
01/18/2023 05:30:00,0.6892
01/18/2023 05:45:00,0.8101
01/18/2023 06:00:00,1.0501
01/18/2023 06:15:00,0.7280
01/18/2023 06:30:00,0.7035
01/18/2023 06:45:00,1.0964
01/18/2023 07:00:00,0.4393
01/18/2023 07:15:00,0.0691
01/18/2023 07:30:00,0.0585
01/18/2023 07:45:00,0.1041
01/18/2023 08:00:00,0.0475
01/18/2023 08:15:00,0.0450
01/18/2023 08:30:00,0.0371
01/18/2023 08:45:00,0.0378
01/18/2023 09:00:00,0.0480
01/18/2023 09:15:00,0.0442
01/18/2023 09:30:00,0.0376
01/18/2023 09:45:00,0.0359
01/18/2023 10:00:00,0.0338
01/18/2023 10:15:00,0.0391
01/18/2023 10:30:00,0.0448
01/18/2023 10:45:00,0.0406
01/18/2023 11:00:00,0.0893
01/18/2023 11:15:00,0.0323
01/18/2023 11:30:00,0.0476
01/18/2023 11:45:00,0.0407
01/18/2023 12:00:00,0.0327
01/18/2023 12:15:00,0.0329
01/18/2023 12:30:00,0.0457
01/18/2023 12:45:00,0.0399
01/18/2023 13:00:00,0.0686
01/18/2023 13:15:00,0.1231
01/18/2023 13:30:00,0.1175
01/18/2023 13:45:00,0.1044
01/18/2023 14:00:00,0.1132
01/18/2023 14:15:00,0.0991
01/18/2023 14:30:00,0.1138
01/18/2023 14:45:00,0.0949
01/18/2023 15:00:00,0.0868
01/18/2023 15:15:00,0.0298
01/18/2023 15:30:00,0.0384
01/18/2023 15:45:00,0.0385
01/18/2023 16:00:00,0.0313
01/18/2023 16:15:00,0.0360
01/18/2023 16:30:00,0.0269
01/18/2023 16:45:00,0.0117
01/18/2023 17:00:00,0.0435
01/18/2023 17:15:00,0.0302
01/18/2023 17:30:00,0.0391
01/18/2023 17:45:00,0.0489
01/18/2023 18:00:00,0.0489
01/18/2023 18:15:00,0.0519
01/18/2023 18:30:00,0.0881
01/18/2023 18:45:00,0.2198
01/18/2023 19:00:00,0.3680
01/18/2023 19:15:00,0.3805
01/18/2023 19:30:00,0.3942
01/18/2023 19:45:00,0.3946
01/18/2023 20:00:00,0.3891
01/18/2023 20:15:00,0.3871
01/18/2023 20:30:00,0.3616
01/18/2023 20:45:00,0.3631
01/18/2023 21:00:00,0.2987
01/18/2023 21:15:00,0.2655
01/18/2023 21:30:00,0.2939
01/18/2023 21:45:00,0.2975
01/18/2023 22:00:00,0.3708
01/18/2023 22:15:00,0.4262
01/18/2023 22:30:00,0.4208
01/18/2023 22:45:00,0.1248
01/18/2023 23:00:00,0.0528
01/18/2023 23:15:00,0.0580
01/18/2023 23:30:00,0.0662
01/18/2023 23:45:00,0.0475
01/19/2023 00:00:00,0.0428
01/19/2023 00:15:00,0.0407
01/19/2023 00:30:00,0.0399
01/19/2023 00:45:00,0.0391
01/19/2023 01:00:00,0.0388
01/19/2023 01:15:00,0.0481
01/19/2023 01:30:00,0.0465
01/19/2023 01:45:00,0.0390
01/19/2023 02:00:00,0.0371
01/19/2023 02:15:00,0.0369
01/19/2023 02:30:00,0.0368
01/19/2023 02:45:00,0.0369
01/19/2023 03:00:00,0.0368
01/19/2023 03:15:00,0.0364
01/19/2023 03:30:00,0.0386
01/19/2023 03:45:00,0.0407
01/19/2023 04:00:00,0.0400
01/19/2023 04:15:00,0.0384
01/19/2023 04:30:00,0.0394
01/19/2023 04:45:00,0.5715
01/19/2023 05:00:00,0.5971
01/19/2023 05:15:00,0.6019
01/19/2023 05:30:00,0.6400
01/19/2023 05:45:00,0.7240
01/19/2023 06:00:00,0.6782
01/19/2023 06:15:00,0.8992
01/19/2023 06:30:00,0.8789
01/19/2023 06:45:00,0.7148
01/19/2023 07:00:00,0.5656
01/19/2023 07:15:00,0.2864
01/19/2023 07:30:00,0.1219
01/19/2023 07:45:00,0.0793
01/19/2023 08:00:00,0.0441
01/19/2023 08:15:00,0.0436
01/19/2023 08:30:00,0.0520
01/19/2023 08:45:00,0.0440
01/19/2023 09:00:00,0.0407
01/19/2023 09:15:00,0.0307
01/19/2023 09:30:00,0.0369
01/19/2023 09:45:00,0.0311
01/19/2023 10:00:00,0.0298
01/19/2023 10:15:00,0.0444
01/19/2023 10:30:00,0.0403
01/19/2023 10:45:00,0.0366
01/19/2023 11:00:00,0.0376
01/19/2023 11:15:00,0.0366
01/19/2023 11:30:00,0.0357
01/19/2023 11:45:00,0.0357
01/19/2023 12:00:00,0.0387
01/19/2023 12:15:00,0.0315
01/19/2023 12:30:00,0.0278
01/19/2023 12:45:00,0.0316
01/19/2023 13:00:00,0.0365
01/19/2023 13:15:00,0.0384
01/19/2023 13:30:00,0.0377
01/19/2023 13:45:00,0.0381
01/19/2023 14:00:00,0.0441
01/19/2023 14:15:00,0.0466
01/19/2023 14:30:00,0.0438
01/19/2023 14:45:00,0.0412
01/19/2023 15:00:00,0.0475
01/19/2023 15:15:00,0.0410
01/19/2023 15:30:00,0.0387
01/19/2023 15:45:00,0.0388
01/19/2023 16:00:00,0.0387
01/19/2023 16:15:00,0.0521
01/19/2023 16:30:00,0.0388
01/19/2023 16:45:00,0.0452
01/19/2023 17:00:00,0.0401
01/19/2023 17:15:00,0.0401
01/19/2023 17:30:00,0.0396
01/19/2023 17:45:00,0.0398
01/19/2023 18:00:00,0.0472
01/19/2023 18:15:00,0.0574
01/19/2023 18:30:00,0.1482
01/19/2023 18:45:00,0.1692
01/19/2023 19:00:00,0.1704
01/19/2023 19:15:00,0.1658
01/19/2023 19:30:00,0.2254
01/19/2023 19:45:00,0.2347
01/19/2023 20:00:00,0.2561
01/19/2023 20:15:00,0.3039
01/19/2023 20:30:00,0.3110
01/19/2023 20:45:00,0.3096
01/19/2023 21:00:00,0.6698
01/19/2023 21:15:00,0.7067
01/19/2023 21:30:00,0.4673
01/19/2023 21:45:00,0.4444
01/19/2023 22:00:00,0.4419
01/19/2023 22:15:00,0.4306
01/19/2023 22:30:00,0.3056
01/19/2023 22:45:00,0.3140
01/19/2023 23:00:00,0.2095
01/19/2023 23:15:00,0.0773
01/19/2023 23:30:00,0.0511
01/19/2023 23:45:00,0.0513
01/20/2023 00:00:00,0.0984
01/20/2023 00:15:00,0.1207
01/20/2023 00:30:00,0.0451
01/20/2023 00:45:00,0.0427
01/20/2023 01:00:00,0.0418
01/20/2023 01:15:00,0.0400
01/20/2023 01:30:00,0.0399
01/20/2023 01:45:00,0.0392
01/20/2023 02:00:00,0.0383
01/20/2023 02:15:00,0.0261
01/20/2023 02:30:00,0.0269
01/20/2023 02:45:00,0.0372
01/20/2023 03:00:00,0.0370
01/20/2023 03:15:00,0.0346
01/20/2023 03:30:00,0.0376
01/20/2023 03:45:00,0.0370
01/20/2023 04:00:00,0.0363
01/20/2023 04:15:00,0.0365
01/20/2023 04:30:00,0.0377
01/20/2023 04:45:00,0.0437
01/20/2023 05:00:00,0.5917
01/20/2023 05:15:00,0.5909
01/20/2023 05:30:00,0.5862
01/20/2023 05:45:00,0.7466
01/20/2023 06:00:00,0.7349
01/20/2023 06:15:00,0.2337
01/20/2023 06:30:00,0.1166
01/20/2023 06:45:00,0.1033
01/20/2023 07:00:00,0.0629
01/20/2023 07:15:00,0.1022
01/20/2023 07:30:00,0.1535
01/20/2023 07:45:00,0.0912
01/20/2023 08:00:00,0.0390
01/20/2023 08:15:00,0.0393
01/20/2023 08:30:00,0.0397
01/20/2023 08:45:00,0.0259
01/20/2023 09:00:00,0.0357
01/20/2023 09:15:00,0.0402
01/20/2023 09:30:00,0.0386
01/20/2023 09:45:00,0.0390
01/20/2023 10:00:00,0.0194
01/20/2023 10:15:00,0.0556
01/20/2023 10:30:00,0.1652
01/20/2023 10:45:00,0.1148
01/20/2023 11:00:00,0.1048
01/20/2023 11:15:00,0.0846
01/20/2023 11:30:00,0.1146
01/20/2023 11:45:00,0.1052
01/20/2023 12:00:00,0.1060
01/20/2023 12:15:00,0.0506
01/20/2023 12:30:00,0.0193
01/20/2023 12:45:00,0.0246
01/20/2023 13:00:00,0.0348
01/20/2023 13:15:00,0.0339
01/20/2023 13:30:00,0.0348
01/20/2023 13:45:00,0.0355
01/20/2023 14:00:00,0.0140
01/20/2023 14:15:00,0.2790
01/20/2023 14:30:00,0.5674
01/20/2023 14:45:00,0.5531
01/20/2023 15:00:00,0.5575
01/20/2023 15:15:00,0.5566
01/20/2023 15:30:00,0.5165
01/20/2023 15:45:00,0.0302
01/20/2023 16:00:00,0.0312
01/20/2023 16:15:00,0.0396
01/20/2023 16:30:00,0.0388
01/20/2023 16:45:00,0.0385
01/20/2023 17:00:00,0.0325
01/20/2023 17:15:00,0.0365
01/20/2023 17:30:00,0.0361
01/20/2023 17:45:00,0.0241
01/20/2023 18:00:00,0.0206
01/20/2023 18:15:00,0.0428
01/20/2023 18:30:00,0.1359
01/20/2023 18:45:00,0.2341
01/20/2023 19:00:00,0.3127
01/20/2023 19:15:00,0.3596
01/20/2023 19:30:00,0.3826
01/20/2023 19:45:00,0.3534
01/20/2023 20:00:00,0.3505
01/20/2023 20:15:00,0.3617
01/20/2023 20:30:00,0.3527
01/20/2023 20:45:00,0.3406
01/20/2023 21:00:00,0.3159
01/20/2023 21:15:00,0.3332
01/20/2023 21:30:00,0.3484
01/20/2023 21:45:00,0.3480
01/20/2023 22:00:00,0.3483
01/20/2023 22:15:00,0.2258
01/20/2023 22:30:00,0.1437
01/20/2023 22:45:00,0.1569
01/20/2023 23:00:00,0.1583
01/20/2023 23:15:00,0.1587
01/20/2023 23:30:00,0.1401
01/20/2023 23:45:00,0.1484
01/21/2023 00:00:00,0.2612
01/21/2023 00:15:00,0.1963
01/21/2023 00:30:00,0.0824
01/21/2023 00:45:00,0.0301
01/21/2023 01:00:00,0.0276
01/21/2023 01:15:00,0.0258
01/21/2023 01:30:00,0.0215
01/21/2023 01:45:00,0.0190
01/21/2023 02:00:00,0.0178
01/21/2023 02:15:00,0.0167
01/21/2023 02:30:00,0.0139
01/21/2023 02:45:00,0.0128
01/21/2023 03:00:00,0.0105
01/21/2023 03:15:00,0.0098
01/21/2023 03:30:00,0.0092
01/21/2023 03:45:00,0.0096
01/21/2023 04:00:00,0.0093
01/21/2023 04:15:00,0.0096
01/21/2023 04:30:00,0.0094
01/21/2023 04:45:00,0.0091
01/21/2023 05:00:00,0.0093
01/21/2023 05:15:00,0.0090
01/21/2023 05:30:00,0.0105
01/21/2023 05:45:00,0.0094
01/21/2023 06:00:00,0.0086
01/21/2023 06:15:00,0.0645
01/21/2023 06:30:00,0.0656
01/21/2023 06:45:00,0.0757
01/21/2023 07:00:00,0.1084
01/21/2023 07:15:00,0.0738
01/21/2023 07:30:00,0.0129
01/21/2023 07:45:00,0.0124
01/21/2023 08:00:00,0.0124
01/21/2023 08:15:00,0.0122
01/21/2023 08:30:00,0.0557
01/21/2023 08:45:00,0.0840
01/21/2023 09:00:00,0.0740
01/21/2023 09:15:00,0.0531
01/21/2023 09:30:00,0.0467
01/21/2023 09:45:00,0.1382
01/21/2023 10:00:00,0.3180
01/21/2023 10:15:00,0.3213
01/21/2023 10:30:00,0.2935
01/21/2023 10:45:00,0.2686
01/21/2023 11:00:00,0.2979
01/21/2023 11:15:00,0.2436
01/21/2023 11:30:00,0.2462
01/21/2023 11:45:00,0.2110
01/21/2023 12:00:00,0.2500
01/21/2023 12:15:00,0.2391
01/21/2023 12:30:00,0.2292
01/21/2023 12:45:00,0.2463
01/21/2023 13:00:00,0.0550
01/21/2023 13:15:00,0.0466
01/21/2023 13:30:00,0.0532
01/21/2023 13:45:00,0.0350
01/21/2023 14:00:00,0.0548
01/21/2023 14:15:00,0.0448
01/21/2023 14:30:00,0.0571
01/21/2023 14:45:00,0.1033
01/21/2023 15:00:00,0.1044
01/21/2023 15:15:00,0.1160
01/21/2023 15:30:00,0.1642
01/21/2023 15:45:00,0.1343
01/21/2023 16:00:00,0.1190
01/21/2023 16:15:00,0.0601
01/21/2023 16:30:00,0.0666
01/21/2023 16:45:00,0.0505
01/21/2023 17:00:00,0.0430
01/21/2023 17:15:00,0.0649
01/21/2023 17:30:00,0.0501
01/21/2023 17:45:00,0.0494
01/21/2023 18:00:00,0.0659
01/21/2023 18:15:00,0.1576
01/21/2023 18:30:00,0.2324
01/21/2023 18:45:00,0.2621
01/21/2023 19:00:00,0.2010
01/21/2023 19:15:00,0.2021
01/21/2023 19:30:00,0.2709
01/21/2023 19:45:00,0.2506
01/21/2023 20:00:00,0.2576
01/21/2023 20:15:00,0.1783
01/21/2023 20:30:00,0.1852
01/21/2023 20:45:00,0.1699
01/21/2023 21:00:00,0.1895
01/21/2023 21:15:00,0.2506
01/21/2023 21:30:00,0.3295
01/21/2023 21:45:00,0.3292
01/21/2023 22:00:00,0.2668
01/21/2023 22:15:00,0.3375
01/21/2023 22:30:00,0.3312
01/21/2023 22:45:00,0.3312
01/21/2023 23:00:00,0.2995
01/21/2023 23:15:00,0.1182
01/21/2023 23:30:00,0.0995
01/21/2023 23:45:00,0.1126
01/22/2023 00:00:00,0.1091
01/22/2023 00:15:00,0.0881
01/22/2023 00:30:00,0.0516
01/22/2023 00:45:00,0.0487
01/22/2023 01:00:00,0.0378
01/22/2023 01:15:00,0.0368
01/22/2023 01:30:00,0.0528
01/22/2023 01:45:00,0.0401
01/22/2023 02:00:00,0.0370
01/22/2023 02:15:00,0.0367
01/22/2023 02:30:00,0.0462
01/22/2023 02:45:00,0.0461
01/22/2023 03:00:00,0.0357
01/22/2023 03:15:00,0.0357
01/22/2023 03:30:00,0.0348
01/22/2023 03:45:00,0.0431
01/22/2023 04:00:00,0.0430
01/22/2023 04:15:00,0.0331
01/22/2023 04:30:00,0.0331
01/22/2023 04:45:00,0.0330
01/22/2023 05:00:00,0.0327
01/22/2023 05:15:00,0.0328
01/22/2023 05:30:00,0.0431
01/22/2023 05:45:00,0.0290
01/22/2023 06:00:00,0.0322
01/22/2023 06:15:00,0.0406
01/22/2023 06:30:00,0.0320
01/22/2023 06:45:00,0.0390
01/22/2023 07:00:00,0.0598
01/22/2023 07:15:00,0.0428
01/22/2023 07:30:00,0.0238
01/22/2023 07:45:00,0.0310
01/22/2023 08:00:00,0.0308
01/22/2023 08:15:00,0.0342
01/22/2023 08:30:00,0.0507
01/22/2023 08:45:00,0.0504
01/22/2023 09:00:00,0.0629
01/22/2023 09:15:00,0.0540
01/22/2023 09:30:00,0.0667
01/22/2023 09:45:00,0.0644
01/22/2023 10:00:00,0.0708
01/22/2023 10:15:00,0.0521
01/22/2023 10:30:00,0.0355
01/22/2023 10:45:00,0.0356
01/22/2023 11:00:00,0.0355
01/22/2023 11:15:00,0.0299
01/22/2023 11:30:00,0.0201
01/22/2023 11:45:00,0.0357
01/22/2023 12:00:00,0.0358
01/22/2023 12:15:00,0.0380
01/22/2023 12:30:00,0.0495
01/22/2023 12:45:00,0.0399
01/22/2023 13:00:00,0.0348
01/22/2023 13:15:00,0.0336
01/22/2023 13:30:00,0.0331
01/22/2023 13:45:00,0.0515
01/22/2023 14:00:00,0.0350
01/22/2023 14:15:00,0.0339
01/22/2023 14:30:00,0.0341
01/22/2023 14:45:00,0.0412
01/22/2023 15:00:00,0.0475
01/22/2023 15:15:00,0.0352
01/22/2023 15:30:00,0.0344
01/22/2023 15:45:00,0.0340
01/22/2023 16:00:00,0.0458
01/22/2023 16:15:00,0.0441
01/22/2023 16:30:00,0.0347
01/22/2023 16:45:00,0.0355
01/22/2023 17:00:00,0.0347
01/22/2023 17:15:00,0.0501
01/22/2023 17:30:00,0.0423
01/22/2023 17:45:00,0.0375
01/22/2023 18:00:00,0.0536
01/22/2023 18:15:00,0.1037
01/22/2023 18:30:00,0.0876
01/22/2023 18:45:00,0.0908
01/22/2023 19:00:00,0.0909
01/22/2023 19:15:00,0.0909
01/22/2023 19:30:00,0.1080
01/22/2023 19:45:00,0.0963
01/22/2023 20:00:00,0.0916
01/22/2023 20:15:00,0.0923
01/22/2023 20:30:00,0.0921
01/22/2023 20:45:00,0.0918
01/22/2023 21:00:00,0.1067
01/22/2023 21:15:00,0.0971
01/22/2023 21:30:00,0.1072
01/22/2023 21:45:00,0.1662
01/22/2023 22:00:00,0.1651
01/22/2023 22:15:00,0.1788
01/22/2023 22:30:00,0.1722
01/22/2023 22:45:00,0.1642
01/22/2023 23:00:00,0.1715
01/22/2023 23:15:00,0.1686
01/22/2023 23:30:00,0.1630
01/22/2023 23:45:00,0.1631
01/23/2023 00:00:00,0.1550
01/23/2023 00:15:00,0.1206
01/23/2023 00:30:00,0.0528
01/23/2023 00:45:00,0.0507
01/23/2023 01:00:00,0.0439
01/23/2023 01:15:00,0.0427
01/23/2023 01:30:00,0.0431
01/23/2023 01:45:00,0.0431
01/23/2023 02:00:00,0.0428
01/23/2023 02:15:00,0.0427
01/23/2023 02:30:00,0.0425
01/23/2023 02:45:00,0.0430
01/23/2023 03:00:00,0.0423
01/23/2023 03:15:00,0.0426
01/23/2023 03:30:00,0.0422
01/23/2023 03:45:00,0.0427
01/23/2023 04:00:00,0.1020
01/23/2023 04:15:00,0.3121
01/23/2023 04:30:00,0.6290
01/23/2023 04:45:00,0.6558
01/23/2023 05:00:00,0.6773
01/23/2023 05:15:00,0.6534
01/23/2023 05:30:00,0.6326
01/23/2023 05:45:00,0.6981
01/23/2023 06:00:00,0.8770
01/23/2023 06:15:00,0.1798
01/23/2023 06:30:00,0.1434
01/23/2023 06:45:00,0.1146
01/23/2023 07:00:00,0.0812
01/23/2023 07:15:00,0.1288
01/23/2023 07:30:00,0.0934
01/23/2023 07:45:00,0.1679
01/23/2023 08:00:00,0.0399
01/23/2023 08:15:00,0.0400
01/23/2023 08:30:00,0.0366
01/23/2023 08:45:00,0.0343
01/23/2023 09:00:00,0.0354
01/23/2023 09:15:00,0.0473
01/23/2023 09:30:00,0.0328
01/23/2023 09:45:00,0.0343
01/23/2023 10:00:00,0.0359
01/23/2023 10:15:00,0.0354
01/23/2023 10:30:00,0.0363
01/23/2023 10:45:00,0.0509
01/23/2023 11:00:00,0.0398
01/23/2023 11:15:00,0.0358
01/23/2023 11:30:00,0.0360
01/23/2023 11:45:00,0.0365
01/23/2023 12:00:00,0.0395
01/23/2023 12:15:00,0.0369
01/23/2023 12:30:00,0.0366
01/23/2023 12:45:00,0.0366
01/23/2023 13:00:00,0.0358
01/23/2023 13:15:00,0.0327
01/23/2023 13:30:00,0.0367
01/23/2023 13:45:00,0.0324
01/23/2023 14:00:00,0.0425
01/23/2023 14:15:00,0.0326
01/23/2023 14:30:00,0.0333
01/23/2023 14:45:00,0.0435
01/23/2023 15:00:00,0.0720
01/23/2023 15:15:00,0.1075
01/23/2023 15:30:00,0.5740
01/23/2023 15:45:00,0.6352
01/23/2023 16:00:00,0.6453
01/23/2023 16:15:00,0.6824
01/23/2023 16:30:00,0.4185
01/23/2023 16:45:00,0.3857
01/23/2023 17:00:00,0.7000
01/23/2023 17:15:00,0.6987
01/23/2023 17:30:00,0.7035
01/23/2023 17:45:00,0.5060
01/23/2023 18:00:00,0.0772
01/23/2023 18:15:00,0.1208
01/23/2023 18:30:00,0.2643
01/23/2023 18:45:00,0.2815
01/23/2023 19:00:00,0.3526
01/23/2023 19:15:00,0.3198
01/23/2023 19:30:00,0.3272
01/23/2023 19:45:00,0.3700
01/23/2023 20:00:00,0.3371
01/23/2023 20:15:00,0.3081
01/23/2023 20:30:00,0.3469
01/23/2023 20:45:00,0.3347
01/23/2023 21:00:00,0.3036
01/23/2023 21:15:00,0.2238
01/23/2023 21:30:00,0.2394
01/23/2023 21:45:00,0.2339
01/23/2023 22:00:00,0.2365
01/23/2023 22:15:00,0.2938
01/23/2023 22:30:00,0.1864
01/23/2023 22:45:00,0.1510
01/23/2023 23:00:00,0.1431
01/23/2023 23:15:00,0.1513
01/23/2023 23:30:00,0.1611
01/23/2023 23:45:00,0.2259
01/24/2023 00:00:00,0.1127
01/24/2023 00:15:00,0.0294
01/24/2023 00:30:00,0.0275
01/24/2023 00:45:00,0.0281
01/24/2023 01:00:00,0.0295
01/24/2023 01:15:00,0.0240
01/24/2023 01:30:00,0.0213
01/24/2023 01:45:00,0.0200
01/24/2023 02:00:00,0.0189
01/24/2023 02:15:00,0.0170
01/24/2023 02:30:00,0.0168
01/24/2023 02:45:00,0.0154
01/24/2023 03:00:00,0.0149
01/24/2023 03:15:00,0.0149
01/24/2023 03:30:00,0.5028
01/24/2023 03:45:00,0.6858
01/24/2023 04:00:00,0.6821
01/24/2023 04:15:00,0.6681
01/24/2023 04:30:00,0.6559
01/24/2023 04:45:00,0.5604
01/24/2023 05:00:00,0.4759
01/24/2023 05:15:00,0.6597
01/24/2023 05:30:00,0.7023
01/24/2023 05:45:00,0.4044
01/24/2023 06:00:00,0.1780
01/24/2023 06:15:00,0.1788
01/24/2023 06:30:00,0.1063
01/24/2023 06:45:00,0.1998
01/24/2023 07:00:00,0.6439
01/24/2023 07:15:00,0.2032
01/24/2023 07:30:00,0.2303
01/24/2023 07:45:00,0.1061
01/24/2023 08:00:00,0.0612
01/24/2023 08:15:00,0.0446
01/24/2023 08:30:00,0.0430
01/24/2023 08:45:00,0.0342
01/24/2023 09:00:00,0.0470
01/24/2023 09:15:00,0.0385
01/24/2023 09:30:00,0.0398
01/24/2023 09:45:00,0.0206
01/24/2023 10:00:00,0.0417
01/24/2023 10:15:00,0.0321
01/24/2023 10:30:00,0.0467
01/24/2023 10:45:00,0.0378
01/24/2023 11:00:00,0.0481
01/24/2023 11:15:00,0.0301
01/24/2023 11:30:00,0.0456
01/24/2023 11:45:00,0.0296
01/24/2023 12:00:00,0.0462
01/24/2023 12:15:00,0.0293
01/24/2023 12:30:00,0.0467
01/24/2023 12:45:00,0.0326
01/24/2023 13:00:00,0.0333
01/24/2023 13:15:00,0.0617
01/24/2023 13:30:00,0.0835
01/24/2023 13:45:00,0.0694
01/24/2023 14:00:00,0.0735
01/24/2023 14:15:00,0.0805
01/24/2023 14:30:00,0.0675
01/24/2023 14:45:00,0.0843
01/24/2023 15:00:00,0.0678
01/24/2023 15:15:00,0.0852
01/24/2023 15:30:00,0.0794
01/24/2023 15:45:00,0.0732
01/24/2023 16:00:00,0.0908
01/24/2023 16:15:00,0.0866
01/24/2023 16:30:00,0.1013
01/24/2023 16:45:00,0.0983
01/24/2023 17:00:00,0.1371
01/24/2023 17:15:00,0.1258
01/24/2023 17:30:00,0.1241
01/24/2023 17:45:00,0.1383
01/24/2023 18:00:00,0.1167
01/24/2023 18:15:00,0.1596
01/24/2023 18:30:00,0.0995
01/24/2023 18:45:00,0.0668
01/24/2023 19:00:00,0.1002
01/24/2023 19:15:00,0.1687
01/24/2023 19:30:00,0.1796
01/24/2023 19:45:00,0.2185
01/24/2023 20:00:00,0.3140
01/24/2023 20:15:00,0.3729
01/24/2023 20:30:00,0.3419
01/24/2023 20:45:00,0.2637
01/24/2023 21:00:00,0.2541
01/24/2023 21:15:00,0.2646
01/24/2023 21:30:00,0.3336
01/24/2023 21:45:00,0.3439
01/24/2023 22:00:00,0.3329
01/24/2023 22:15:00,0.3381
01/24/2023 22:30:00,0.3462
01/24/2023 22:45:00,0.3489
01/24/2023 23:00:00,0.2760
01/24/2023 23:15:00,0.2812
01/24/2023 23:30:00,0.1357
01/24/2023 23:45:00,0.0459
01/25/2023 00:00:00,0.0578
01/25/2023 00:15:00,0.0463
01/25/2023 00:30:00,0.0435
01/25/2023 00:45:00,0.0433
01/25/2023 01:00:00,0.0484
01/25/2023 01:15:00,0.0337
01/25/2023 01:30:00,0.0318
01/25/2023 01:45:00,0.0443
01/25/2023 02:00:00,0.0350
01/25/2023 02:15:00,0.0286
01/25/2023 02:30:00,0.0266
01/25/2023 02:45:00,0.0412
01/25/2023 03:00:00,0.0284
01/25/2023 03:15:00,0.0260
01/25/2023 03:30:00,0.0262
01/25/2023 03:45:00,0.0379
01/25/2023 04:00:00,0.0552
01/25/2023 04:15:00,0.6131
01/25/2023 04:30:00,0.6179
01/25/2023 04:45:00,0.6055
01/25/2023 05:00:00,0.6398
01/25/2023 05:15:00,0.6299
01/25/2023 05:30:00,0.5990
01/25/2023 05:45:00,0.6305
01/25/2023 06:00:00,0.5729
01/25/2023 06:15:00,0.8454
01/25/2023 06:30:00,0.1245
01/25/2023 06:45:00,0.6276
01/25/2023 07:00:00,0.6472
01/25/2023 07:15:00,0.0728
01/25/2023 07:30:00,0.0426
01/25/2023 07:45:00,0.0986
01/25/2023 08:00:00,0.0946
01/25/2023 08:15:00,0.0375
01/25/2023 08:30:00,0.0266
01/25/2023 08:45:00,0.0339
01/25/2023 09:00:00,0.0333
01/25/2023 09:15:00,0.0270
01/25/2023 09:30:00,0.0257
01/25/2023 09:45:00,0.0259
01/25/2023 10:00:00,0.0258
01/25/2023 10:15:00,0.0229
01/25/2023 10:30:00,0.0234
01/25/2023 10:45:00,0.0341
01/25/2023 11:00:00,0.0316
01/25/2023 11:15:00,0.0229
01/25/2023 11:30:00,0.0242
01/25/2023 11:45:00,0.0225
01/25/2023 12:00:00,0.0352
01/25/2023 12:15:00,0.0265
01/25/2023 12:30:00,0.0244
01/25/2023 12:45:00,0.0244
01/25/2023 13:00:00,0.0301
01/25/2023 13:15:00,0.0322
01/25/2023 13:30:00,0.0258
01/25/2023 13:45:00,0.0339
01/25/2023 14:00:00,0.0334
01/25/2023 14:15:00,0.0489
01/25/2023 14:30:00,0.0637
01/25/2023 14:45:00,0.0305
01/25/2023 15:00:00,0.0431
01/25/2023 15:15:00,0.0256
01/25/2023 15:30:00,0.0441
01/25/2023 15:45:00,0.0240
01/25/2023 16:00:00,0.0420
01/25/2023 16:15:00,0.0246
01/25/2023 16:30:00,0.0442
01/25/2023 16:45:00,0.0275
01/25/2023 17:00:00,0.0414
01/25/2023 17:15:00,0.0258
01/25/2023 17:30:00,0.0344
01/25/2023 17:45:00,0.0374
01/25/2023 18:00:00,0.0363
01/25/2023 18:15:00,0.0739
01/25/2023 18:30:00,0.1201
01/25/2023 18:45:00,0.1918
01/25/2023 19:00:00,0.2063
01/25/2023 19:15:00,0.2295
01/25/2023 19:30:00,0.3267
01/25/2023 19:45:00,0.3847
01/25/2023 20:00:00,0.3168
01/25/2023 20:15:00,0.3421
01/25/2023 20:30:00,0.3251
01/25/2023 20:45:00,0.2414
01/25/2023 21:00:00,0.1794
01/25/2023 21:15:00,0.1636
01/25/2023 21:30:00,0.1762
01/25/2023 21:45:00,0.1761
01/25/2023 22:00:00,0.1772
01/25/2023 22:15:00,0.2006
01/25/2023 22:30:00,0.1876
01/25/2023 22:45:00,0.1918
01/25/2023 23:00:00,0.1992
01/25/2023 23:15:00,0.3344
01/25/2023 23:30:00,0.1274
01/25/2023 23:45:00,0.0808
01/26/2023 00:00:00,0.0621
01/26/2023 00:15:00,0.0568
01/26/2023 00:30:00,0.0428
01/26/2023 00:45:00,0.0409
01/26/2023 01:00:00,0.0414
01/26/2023 01:15:00,0.0300
01/26/2023 01:30:00,0.0303
01/26/2023 01:45:00,0.0286
01/26/2023 02:00:00,0.0275
01/26/2023 02:15:00,0.0315
01/26/2023 02:30:00,0.0408
01/26/2023 02:45:00,0.0277
01/26/2023 03:00:00,0.0274
01/26/2023 03:15:00,0.0278
01/26/2023 03:30:00,0.0266
01/26/2023 03:45:00,0.0265
01/26/2023 04:00:00,0.0425
01/26/2023 04:15:00,0.1345
01/26/2023 04:30:00,0.6263
01/26/2023 04:45:00,0.6209
01/26/2023 05:00:00,0.7010
01/26/2023 05:15:00,0.6927
01/26/2023 05:30:00,0.7227
01/26/2023 05:45:00,0.8920
01/26/2023 06:00:00,1.0071
01/26/2023 06:15:00,0.7252
01/26/2023 06:30:00,0.2472
01/26/2023 06:45:00,0.1949
01/26/2023 07:00:00,0.0463
01/26/2023 07:15:00,0.0455
01/26/2023 07:30:00,0.0972
01/26/2023 07:45:00,0.0847
01/26/2023 08:00:00,0.0419
01/26/2023 08:15:00,0.0323
01/26/2023 08:30:00,0.0389
01/26/2023 08:45:00,0.0370
01/26/2023 09:00:00,0.0381
01/26/2023 09:15:00,0.0339
01/26/2023 09:30:00,0.0315
01/26/2023 09:45:00,0.0283
01/26/2023 10:00:00,0.0331
01/26/2023 10:15:00,0.0329
01/26/2023 10:30:00,0.0385
01/26/2023 10:45:00,0.0386
01/26/2023 11:00:00,0.0411
01/26/2023 11:15:00,0.0347
01/26/2023 11:30:00,0.0335
01/26/2023 11:45:00,0.0312
01/26/2023 12:00:00,0.0291
01/26/2023 12:15:00,0.0289
01/26/2023 12:30:00,0.0300
01/26/2023 12:45:00,0.0856
01/26/2023 13:00:00,0.2262
01/26/2023 13:15:00,0.1945
01/26/2023 13:30:00,0.1902
01/26/2023 13:45:00,0.2284
01/26/2023 14:00:00,0.2336
01/26/2023 14:15:00,0.2391
01/26/2023 14:30:00,0.2439
01/26/2023 14:45:00,0.2421
01/26/2023 15:00:00,0.1915
01/26/2023 15:15:00,0.0404
01/26/2023 15:30:00,0.0294
01/26/2023 15:45:00,0.0303
01/26/2023 16:00:00,0.0281
01/26/2023 16:15:00,0.0291
01/26/2023 16:30:00,0.0296
01/26/2023 16:45:00,0.0601
01/26/2023 17:00:00,0.0807
01/26/2023 17:15:00,0.1322
01/26/2023 17:30:00,0.1449
01/26/2023 17:45:00,0.1266
01/26/2023 18:00:00,0.5006
01/26/2023 18:15:00,0.7021
01/26/2023 18:30:00,0.6961
01/26/2023 18:45:00,0.6753
01/26/2023 19:00:00,0.7128
01/26/2023 19:15:00,0.7879
01/26/2023 19:30:00,0.8212
01/26/2023 19:45:00,0.8574
01/26/2023 20:00:00,0.8501
01/26/2023 20:15:00,0.7176
01/26/2023 20:30:00,0.2039
01/26/2023 20:45:00,0.1738
01/26/2023 21:00:00,0.2045
01/26/2023 21:15:00,0.1918
01/26/2023 21:30:00,0.1883
01/26/2023 21:45:00,0.1878
01/26/2023 22:00:00,0.1880
01/26/2023 22:15:00,0.1832
01/26/2023 22:30:00,0.1844
01/26/2023 22:45:00,0.1848
01/26/2023 23:00:00,0.1835
01/26/2023 23:15:00,0.1836
01/26/2023 23:30:00,0.1846
01/26/2023 23:45:00,0.1734
01/27/2023 00:00:00,0.0573
01/27/2023 00:15:00,0.0914
01/27/2023 00:30:00,0.1796
01/27/2023 00:45:00,0.0496
01/27/2023 01:00:00,0.0459
01/27/2023 01:15:00,0.0492
01/27/2023 01:30:00,0.0391
01/27/2023 01:45:00,0.0377
01/27/2023 02:00:00,0.0308
01/27/2023 02:15:00,0.0292
01/27/2023 02:30:00,0.0270
01/27/2023 02:45:00,0.0275
01/27/2023 03:00:00,0.0269
01/27/2023 03:15:00,0.0262
01/27/2023 03:30:00,0.0265
01/27/2023 03:45:00,0.0274
01/27/2023 04:00:00,0.0275
01/27/2023 04:15:00,0.0269
01/27/2023 04:30:00,0.0594
01/27/2023 04:45:00,0.1181
01/27/2023 05:00:00,0.0254
01/27/2023 05:15:00,0.0263
01/27/2023 05:30:00,0.0598
01/27/2023 05:45:00,0.1253
01/27/2023 06:00:00,0.1656
01/27/2023 06:15:00,0.2266
01/27/2023 06:30:00,0.1911
01/27/2023 06:45:00,0.3985
01/27/2023 07:00:00,0.1348
01/27/2023 07:15:00,0.0404
01/27/2023 07:30:00,0.0473
01/27/2023 07:45:00,0.0956
01/27/2023 08:00:00,0.0377
01/27/2023 08:15:00,0.0390
01/27/2023 08:30:00,0.0348
01/27/2023 08:45:00,0.0344
01/27/2023 09:00:00,0.0318
01/27/2023 09:15:00,0.0309
01/27/2023 09:30:00,0.0287
01/27/2023 09:45:00,0.0516
01/27/2023 10:00:00,0.0306
01/27/2023 10:15:00,0.0306
01/27/2023 10:30:00,0.0306
01/27/2023 10:45:00,0.0305
01/27/2023 11:00:00,0.0304
01/27/2023 11:15:00,0.0374
01/27/2023 11:30:00,0.0369
01/27/2023 11:45:00,0.0376
01/27/2023 12:00:00,0.0375
01/27/2023 12:15:00,0.0369
01/27/2023 12:30:00,0.0352
01/27/2023 12:45:00,0.0318
01/27/2023 13:00:00,0.0335
01/27/2023 13:15:00,0.0365
01/27/2023 13:30:00,0.0395
01/27/2023 13:45:00,0.0766
01/27/2023 14:00:00,0.0640
01/27/2023 14:15:00,0.0323
01/27/2023 14:30:00,0.0317
01/27/2023 14:45:00,0.0311
01/27/2023 15:00:00,0.0317
01/27/2023 15:15:00,0.0406
01/27/2023 15:30:00,0.0397
01/27/2023 15:45:00,0.0380
01/27/2023 16:00:00,0.0339
01/27/2023 16:15:00,0.0326
01/27/2023 16:30:00,0.0553
01/27/2023 16:45:00,0.0521
01/27/2023 17:00:00,0.0769
01/27/2023 17:15:00,0.0747
01/27/2023 17:30:00,0.0928
01/27/2023 17:45:00,0.0745
01/27/2023 18:00:00,0.0786
01/27/2023 18:15:00,0.0767
01/27/2023 18:30:00,0.0804
01/27/2023 18:45:00,0.1015
01/27/2023 19:00:00,0.0980
01/27/2023 19:15:00,0.0915
01/27/2023 19:30:00,0.1456
01/27/2023 19:45:00,0.3475
01/27/2023 20:00:00,0.3406
01/27/2023 20:15:00,0.3111
01/27/2023 20:30:00,0.3140
01/27/2023 20:45:00,0.3531
01/27/2023 21:00:00,0.3851
01/27/2023 21:15:00,0.5996
01/27/2023 21:30:00,0.4381
01/27/2023 21:45:00,0.4127
01/27/2023 22:00:00,0.3289
01/27/2023 22:15:00,0.2459
01/27/2023 22:30:00,0.2714
01/27/2023 22:45:00,0.2233
01/27/2023 23:00:00,0.1787
01/27/2023 23:15:00,0.2547
01/27/2023 23:30:00,0.1672
01/27/2023 23:45:00,0.1357
01/28/2023 00:00:00,0.1320
01/28/2023 00:15:00,0.0780
01/28/2023 00:30:00,0.0501
01/28/2023 00:45:00,0.0477
01/28/2023 01:00:00,0.0468
01/28/2023 01:15:00,0.0464
01/28/2023 01:30:00,0.0352
01/28/2023 01:45:00,0.0277
01/28/2023 02:00:00,0.0365
01/28/2023 02:15:00,0.0360
01/28/2023 02:30:00,0.0342
01/28/2023 02:45:00,0.0296
01/28/2023 03:00:00,0.0353
01/28/2023 03:15:00,0.0310
01/28/2023 03:30:00,0.0320
01/28/2023 03:45:00,0.0294
01/28/2023 04:00:00,0.0677
01/28/2023 04:15:00,0.1440
01/28/2023 04:30:00,0.1722
01/28/2023 04:45:00,0.1722
01/28/2023 05:00:00,0.1722
01/28/2023 05:15:00,0.1722
01/28/2023 05:30:00,0.1722
01/28/2023 05:45:00,0.6097
01/28/2023 06:00:00,0.6126
01/28/2023 06:15:00,0.6164
01/28/2023 06:30:00,0.6095
01/28/2023 06:45:00,0.5963
01/28/2023 07:00:00,0.0799
01/28/2023 07:15:00,0.0364
01/28/2023 07:30:00,0.0330
01/28/2023 07:45:00,0.0317
01/28/2023 08:00:00,0.0384
01/28/2023 08:15:00,0.0906
01/28/2023 08:30:00,0.0167
01/28/2023 08:45:00,0.0223
01/28/2023 09:00:00,0.0968
01/28/2023 09:15:00,0.0647
01/28/2023 09:30:00,0.0287
01/28/2023 09:45:00,0.0592
01/28/2023 10:00:00,0.1069
01/28/2023 10:15:00,0.0467
01/28/2023 10:30:00,0.0467
01/28/2023 10:45:00,0.0299
01/28/2023 11:00:00,0.0286
01/28/2023 11:15:00,0.0297
01/28/2023 11:30:00,0.0352
01/28/2023 11:45:00,0.0160
01/28/2023 12:00:00,0.0229
01/28/2023 12:15:00,0.0286
01/28/2023 12:30:00,0.0720
01/28/2023 12:45:00,0.0439
01/28/2023 13:00:00,0.2342
01/28/2023 13:15:00,0.3030
01/28/2023 13:30:00,0.2649
01/28/2023 13:45:00,0.2773
01/28/2023 14:00:00,0.2284
01/28/2023 14:15:00,0.2246
01/28/2023 14:30:00,0.3394
01/28/2023 14:45:00,0.2571
01/28/2023 15:00:00,0.3273
01/28/2023 15:15:00,0.2894
01/28/2023 15:30:00,0.2867
01/28/2023 15:45:00,0.2759
01/28/2023 16:00:00,0.2572
01/28/2023 16:15:00,0.3083
01/28/2023 16:30:00,0.1206
01/28/2023 16:45:00,0.0978
01/28/2023 17:00:00,0.0366
01/28/2023 17:15:00,0.0327
01/28/2023 17:30:00,0.0331
01/28/2023 17:45:00,0.0541
01/28/2023 18:00:00,0.0725
01/28/2023 18:15:00,0.1361
01/28/2023 18:30:00,0.1411
01/28/2023 18:45:00,0.2196
01/28/2023 19:00:00,0.2162
01/28/2023 19:15:00,0.1602
01/28/2023 19:30:00,0.1151
01/28/2023 19:45:00,0.1131
01/28/2023 20:00:00,0.1159
01/28/2023 20:15:00,0.1113
01/28/2023 20:30:00,0.1106
01/28/2023 20:45:00,0.1114
01/28/2023 21:00:00,0.1288
01/28/2023 21:15:00,0.1161
01/28/2023 21:30:00,0.1175
01/28/2023 21:45:00,0.1124
01/28/2023 22:00:00,0.1121
01/28/2023 22:15:00,0.1106
01/28/2023 22:30:00,0.1102
01/28/2023 22:45:00,0.1152
01/28/2023 23:00:00,0.1225
01/28/2023 23:15:00,0.1218
01/28/2023 23:30:00,0.1317
01/28/2023 23:45:00,0.1121
01/29/2023 00:00:00,0.1102
01/29/2023 00:15:00,0.1421
01/29/2023 00:30:00,0.1369
01/29/2023 00:45:00,0.1380
01/29/2023 01:00:00,0.1126
01/29/2023 01:15:00,0.0343
01/29/2023 01:30:00,0.0288
01/29/2023 01:45:00,0.0275
01/29/2023 02:00:00,0.0279
01/29/2023 02:15:00,0.0227
01/29/2023 02:30:00,0.0190
01/29/2023 02:45:00,0.0163
01/29/2023 03:00:00,0.0153
01/29/2023 03:15:00,0.0148
01/29/2023 03:30:00,0.0144
01/29/2023 03:45:00,0.0132
01/29/2023 04:00:00,0.0126
01/29/2023 04:15:00,0.0127
01/29/2023 04:30:00,0.0128
01/29/2023 04:45:00,0.0117
01/29/2023 05:00:00,0.0108
01/29/2023 05:15:00,0.0102
01/29/2023 05:30:00,0.0359
01/29/2023 05:45:00,0.0469
01/29/2023 06:00:00,0.0469
01/29/2023 06:15:00,0.0486
01/29/2023 06:30:00,0.0653
01/29/2023 06:45:00,0.0376
01/29/2023 07:00:00,0.0152
01/29/2023 07:15:00,0.0153
01/29/2023 07:30:00,0.0142
01/29/2023 07:45:00,0.0130
01/29/2023 08:00:00,0.0113
01/29/2023 08:15:00,0.0130
01/29/2023 08:30:00,0.0108
01/29/2023 08:45:00,0.0378
01/29/2023 09:00:00,0.0542
01/29/2023 09:15:00,0.1742
01/29/2023 09:30:00,0.1176
01/29/2023 09:45:00,0.0943
01/29/2023 10:00:00,0.0907
01/29/2023 10:15:00,0.1376
01/29/2023 10:30:00,0.0679
01/29/2023 10:45:00,0.0800
01/29/2023 11:00:00,0.0827
01/29/2023 11:15:00,0.0806
01/29/2023 11:30:00,0.0737
01/29/2023 11:45:00,0.1122
01/29/2023 12:00:00,0.1678
01/29/2023 12:15:00,0.1382
01/29/2023 12:30:00,0.1431
01/29/2023 12:45:00,0.1715
01/29/2023 13:00:00,0.1707
01/29/2023 13:15:00,0.1123
01/29/2023 13:30:00,0.0455
01/29/2023 13:45:00,0.0363
01/29/2023 14:00:00,0.0396
01/29/2023 14:15:00,0.0391
01/29/2023 14:30:00,0.0360
01/29/2023 14:45:00,0.0310
01/29/2023 15:00:00,0.0419
01/29/2023 15:15:00,0.0311
01/29/2023 15:30:00,0.0390
01/29/2023 15:45:00,0.0344
01/29/2023 16:00:00,0.0338
01/29/2023 16:15:00,0.0396
01/29/2023 16:30:00,0.0274
01/29/2023 16:45:00,0.0471
01/29/2023 17:00:00,0.0275
01/29/2023 17:15:00,0.0472
01/29/2023 17:30:00,0.0272
01/29/2023 17:45:00,0.0638
01/29/2023 18:00:00,0.0780
01/29/2023 18:15:00,0.0395
01/29/2023 18:30:00,0.0440
01/29/2023 18:45:00,0.0273
01/29/2023 19:00:00,0.0471
01/29/2023 19:15:00,0.0268
01/29/2023 19:30:00,0.0324
01/29/2023 19:45:00,0.0420
01/29/2023 20:00:00,0.0268
01/29/2023 20:15:00,0.0460
01/29/2023 20:30:00,0.1261
01/29/2023 20:45:00,0.1997
01/29/2023 21:00:00,0.1893
01/29/2023 21:15:00,0.1469
01/29/2023 21:30:00,0.1305
01/29/2023 21:45:00,0.1093
01/29/2023 22:00:00,0.1637
01/29/2023 22:15:00,0.2317
01/29/2023 22:30:00,0.3302
01/29/2023 22:45:00,0.3380
01/29/2023 23:00:00,0.4156
01/29/2023 23:15:00,0.4534
01/29/2023 23:30:00,0.3837
01/29/2023 23:45:00,0.3341
01/30/2023 00:00:00,0.2848
01/30/2023 00:15:00,0.1636
01/30/2023 00:30:00,0.0682
01/30/2023 00:45:00,0.0794
01/30/2023 01:00:00,0.0477
01/30/2023 01:15:00,0.0601
01/30/2023 01:30:00,0.0355
01/30/2023 01:45:00,0.0450
01/30/2023 02:00:00,0.0474
01/30/2023 02:15:00,0.0342
01/30/2023 02:30:00,0.0531
01/30/2023 02:45:00,0.0358
01/30/2023 03:00:00,0.0335
01/30/2023 03:15:00,0.0531
01/30/2023 03:30:00,0.0333
01/30/2023 03:45:00,0.0323
01/30/2023 04:00:00,0.0447
01/30/2023 04:15:00,0.0390
01/30/2023 04:30:00,0.0333
01/30/2023 04:45:00,0.4296
01/30/2023 05:00:00,0.6541
01/30/2023 05:15:00,0.6472
01/30/2023 05:30:00,0.6143
01/30/2023 05:45:00,0.6847
01/30/2023 06:00:00,0.9254
01/30/2023 06:15:00,0.9133
01/30/2023 06:30:00,0.6924
01/30/2023 06:45:00,0.6669
01/30/2023 07:00:00,0.4220
01/30/2023 07:15:00,0.0430
01/30/2023 07:30:00,0.0552
01/30/2023 07:45:00,0.0596
01/30/2023 08:00:00,0.0744
01/30/2023 08:15:00,0.0283
01/30/2023 08:30:00,0.0285
01/30/2023 08:45:00,0.0283
01/30/2023 09:00:00,0.0337
01/30/2023 09:15:00,0.0591
01/30/2023 09:30:00,0.0480
01/30/2023 09:45:00,0.0286
01/30/2023 10:00:00,0.0290
01/30/2023 10:15:00,0.0291
01/30/2023 10:30:00,0.0292
01/30/2023 10:45:00,0.0365
01/30/2023 11:00:00,0.0418
01/30/2023 11:15:00,0.0301
01/30/2023 11:30:00,0.0371
01/30/2023 11:45:00,0.0433
01/30/2023 12:00:00,0.0304
01/30/2023 12:15:00,0.0370
01/30/2023 12:30:00,0.0254
01/30/2023 12:45:00,0.0480
01/30/2023 13:00:00,0.0337
01/30/2023 13:15:00,0.0310
01/30/2023 13:30:00,0.0310
01/30/2023 13:45:00,0.0306
01/30/2023 14:00:00,0.0370
01/30/2023 14:15:00,0.0451
01/30/2023 14:30:00,0.0354
01/30/2023 14:45:00,0.0372
01/30/2023 15:00:00,0.0303
01/30/2023 15:15:00,0.0695
01/30/2023 15:30:00,0.0898
01/30/2023 15:45:00,0.0683
01/30/2023 16:00:00,0.0649
01/30/2023 16:15:00,0.0644
01/30/2023 16:30:00,0.0657
01/30/2023 16:45:00,0.0749
01/30/2023 17:00:00,0.0468
01/30/2023 17:15:00,0.0401
01/30/2023 17:30:00,0.0336
01/30/2023 17:45:00,0.0330
01/30/2023 18:00:00,0.0338
01/30/2023 18:15:00,0.0492
01/30/2023 18:30:00,0.0735
01/30/2023 18:45:00,0.1272
01/30/2023 19:00:00,0.1469
01/30/2023 19:15:00,0.1643
01/30/2023 19:30:00,0.3436
01/30/2023 19:45:00,0.3435
01/30/2023 20:00:00,0.3953
01/30/2023 20:15:00,0.3804
01/30/2023 20:30:00,0.3744
01/30/2023 20:45:00,0.2969
01/30/2023 21:00:00,0.2879
01/30/2023 21:15:00,0.2845
01/30/2023 21:30:00,0.3597
01/30/2023 21:45:00,0.2435
01/30/2023 22:00:00,0.2101
01/30/2023 22:15:00,0.1545
01/30/2023 22:30:00,0.1998
01/30/2023 22:45:00,0.0676
01/30/2023 23:00:00,0.0587
01/30/2023 23:15:00,0.0489
01/30/2023 23:30:00,0.0368
01/30/2023 23:45:00,0.0328
01/31/2023 00:00:00,0.0365
01/31/2023 00:15:00,0.0388
01/31/2023 00:30:00,0.0364
01/31/2023 00:45:00,0.0363
01/31/2023 01:00:00,0.0353
01/31/2023 01:15:00,0.0342
01/31/2023 01:30:00,0.0342
01/31/2023 01:45:00,0.0315
01/31/2023 02:00:00,0.0311
01/31/2023 02:15:00,0.0304
01/31/2023 02:30:00,0.0302
01/31/2023 02:45:00,0.0304
01/31/2023 03:00:00,0.0300
01/31/2023 03:15:00,0.0298
01/31/2023 03:30:00,0.0296
01/31/2023 03:45:00,0.0296
01/31/2023 04:00:00,0.0293
01/31/2023 04:15:00,0.0300
01/31/2023 04:30:00,0.4082
01/31/2023 04:45:00,0.6141
01/31/2023 05:00:00,0.3334
01/31/2023 05:15:00,0.2017
01/31/2023 05:30:00,0.1308
01/31/2023 05:45:00,0.1307
01/31/2023 06:00:00,0.2658
01/31/2023 06:15:00,0.1734
01/31/2023 06:30:00,0.2830
01/31/2023 06:45:00,0.4375
01/31/2023 07:00:00,0.0568
01/31/2023 07:15:00,0.0462
01/31/2023 07:30:00,0.0431
01/31/2023 07:45:00,0.0722
01/31/2023 08:00:00,0.0785
01/31/2023 08:15:00,0.0223
01/31/2023 08:30:00,0.0352
01/31/2023 08:45:00,0.0363
01/31/2023 09:00:00,0.0313
01/31/2023 09:15:00,0.0312
01/31/2023 09:30:00,0.0362
01/31/2023 09:45:00,0.0315
01/31/2023 10:00:00,0.0321
01/31/2023 10:15:00,0.0294
01/31/2023 10:30:00,0.0235
01/31/2023 10:45:00,0.0323
01/31/2023 11:00:00,0.0324
01/31/2023 11:15:00,0.0328
01/31/2023 11:30:00,0.0325
01/31/2023 11:45:00,0.0373
01/31/2023 12:00:00,0.0394
01/31/2023 12:15:00,0.0377
01/31/2023 12:30:00,0.0283
01/31/2023 12:45:00,0.0324
01/31/2023 13:00:00,0.0448
01/31/2023 13:15:00,0.0275
01/31/2023 13:30:00,0.0336
01/31/2023 13:45:00,0.0340
01/31/2023 14:00:00,0.0350
01/31/2023 14:15:00,0.0405
01/31/2023 14:30:00,0.0706
01/31/2023 14:45:00,0.0737
01/31/2023 15:00:00,0.0764
01/31/2023 15:15:00,0.0761
01/31/2023 15:30:00,0.0753
01/31/2023 15:45:00,0.0745
01/31/2023 16:00:00,0.0728
01/31/2023 16:15:00,0.0677
01/31/2023 16:30:00,0.0683
01/31/2023 16:45:00,0.0686
01/31/2023 17:00:00,0.0705
01/31/2023 17:15:00,0.0512
01/31/2023 17:30:00,0.1306
01/31/2023 17:45:00,0.1434
01/31/2023 18:00:00,0.1362
01/31/2023 18:15:00,0.1351
01/31/2023 18:30:00,0.1569
01/31/2023 18:45:00,0.2450
01/31/2023 19:00:00,0.3319
01/31/2023 19:15:00,0.3747
01/31/2023 19:30:00,0.3602
01/31/2023 19:45:00,0.3641
01/31/2023 20:00:00,0.3378
01/31/2023 20:15:00,0.4000
01/31/2023 20:30:00,0.4397
01/31/2023 20:45:00,0.4239
01/31/2023 21:00:00,0.1853
01/31/2023 21:15:00,0.1656
01/31/2023 21:30:00,0.2540
01/31/2023 21:45:00,0.3149
01/31/2023 22:00:00,0.4700
01/31/2023 22:15:00,0.3900
01/31/2023 22:30:00,0.2198
01/31/2023 22:45:00,0.1476
01/31/2023 23:00:00,0.1355
01/31/2023 23:15:00,0.0918
01/31/2023 23:30:00,0.0415
01/31/2023 23:45:00,0.0406
02/01/2023 00:00:00,0.0407
