Time Bucket (America/Chicago),Casa 7-Mains_A (kWatts)
01/01/2023 00:00:00,0.0021
01/01/2023 00:15:00,0.0021
01/01/2023 00:30:00,0.0005
01/01/2023 00:45:00,0.0000
01/01/2023 01:00:00,0.0021
01/01/2023 01:15:00,0.0020
01/01/2023 01:30:00,0.0012
01/01/2023 01:45:00,0.0000
01/01/2023 02:00:00,0.0066
01/01/2023 02:15:00,0.0199
01/01/2023 02:30:00,0.0000
01/01/2023 02:45:00,0.0002
01/01/2023 03:00:00,0.0001
01/01/2023 03:15:00,0.0000
01/01/2023 03:30:00,0.0000
01/01/2023 03:45:00,0.0001
01/01/2023 04:00:00,0.0002
01/01/2023 04:15:00,0.0001
01/01/2023 04:30:00,0.0034
01/01/2023 04:45:00,0.0038
01/01/2023 05:00:00,0.0003
01/01/2023 05:15:00,0.0003
01/01/2023 05:30:00,0.0002
01/01/2023 05:45:00,0.0000
01/01/2023 06:00:00,0.0012
01/01/2023 06:15:00,0.0001
01/01/2023 06:30:00,0.0002
01/01/2023 06:45:00,0.0000
01/01/2023 07:00:00,0.0000
01/01/2023 07:15:00,0.0000
01/01/2023 07:30:00,0.0002
01/01/2023 07:45:00,0.0001
01/01/2023 08:00:00,0.0000
01/01/2023 08:15:00,0.0000
01/01/2023 08:30:00,0.0000
01/01/2023 08:45:00,0.0002
01/01/2023 09:00:00,0.0017
01/01/2023 09:15:00,0.0000
01/01/2023 09:30:00,0.0000
01/01/2023 09:45:00,0.0001
01/01/2023 10:00:00,0.0080
01/01/2023 10:15:00,0.0115
01/01/2023 10:30:00,0.0118
01/01/2023 10:45:00,0.0101
01/01/2023 11:00:00,0.0039
01/01/2023 11:15:00,0.0005
01/01/2023 11:30:00,0.0000
01/01/2023 11:45:00,0.0000
01/01/2023 12:00:00,0.0001
01/01/2023 12:15:00,0.0001
01/01/2023 12:30:00,0.0000
01/01/2023 12:45:00,0.0000
01/01/2023 13:00:00,0.0000
01/01/2023 13:15:00,0.0001
01/01/2023 13:30:00,0.0000
01/01/2023 13:45:00,0.0000
01/01/2023 14:00:00,0.0000
01/01/2023 14:15:00,0.0002
01/01/2023 14:30:00,0.0000
01/01/2023 14:45:00,0.0000
01/01/2023 15:00:00,0.0001
01/01/2023 15:15:00,0.0000
01/01/2023 15:30:00,0.0000
01/01/2023 15:45:00,0.0000
01/01/2023 16:00:00,0.0001
01/01/2023 16:15:00,0.0000
01/01/2023 16:30:00,0.0000
01/01/2023 16:45:00,0.0000
01/01/2023 17:00:00,0.0001
01/01/2023 17:15:00,0.0001
01/01/2023 17:30:00,0.0000
01/01/2023 17:45:00,0.0000
01/01/2023 18:00:00,0.0000
01/01/2023 18:15:00,0.0004
01/01/2023 18:30:00,0.0236
01/01/2023 18:45:00,0.0167
01/01/2023 19:00:00,0.0273
01/01/2023 19:15:00,0.0185
01/01/2023 19:30:00,0.0291
01/01/2023 19:45:00,0.0227
01/01/2023 20:00:00,0.0243
01/01/2023 20:15:00,0.0247
01/01/2023 20:30:00,0.0233
01/01/2023 20:45:00,0.0134
01/01/2023 21:00:00,0.0049
01/01/2023 21:15:00,0.0023
01/01/2023 21:30:00,0.0296
01/01/2023 21:45:00,0.0067
01/01/2023 22:00:00,0.0312
01/01/2023 22:15:00,0.0307
01/01/2023 22:30:00,0.0359
01/01/2023 22:45:00,0.0141
01/01/2023 23:00:00,0.0038
01/01/2023 23:15:00,0.0045
01/01/2023 23:30:00,0.0029
01/01/2023 23:45:00,0.0001
01/02/2023 00:00:00,0.0000
01/02/2023 00:15:00,0.0000
01/02/2023 00:30:00,0.0001
01/02/2023 00:45:00,0.0000
01/02/2023 01:00:00,0.0000
01/02/2023 01:15:00,0.0002
01/02/2023 01:30:00,0.0001
01/02/2023 01:45:00,0.0004
01/02/2023 02:00:00,0.0000
01/02/2023 02:15:00,0.0002
01/02/2023 02:30:00,0.0000
01/02/2023 02:45:00,0.0000
01/02/2023 03:00:00,0.0000
01/02/2023 03:15:00,0.0001
01/02/2023 03:30:00,0.0001
01/02/2023 03:45:00,0.0000
01/02/2023 04:00:00,0.0000
01/02/2023 04:15:00,0.0000
01/02/2023 04:30:00,0.0001
01/02/2023 04:45:00,0.0001
01/02/2023 05:00:00,0.0000
01/02/2023 05:15:00,0.0000
01/02/2023 05:30:00,0.0003
01/02/2023 05:45:00,0.0002
01/02/2023 06:00:00,0.0001
01/02/2023 06:15:00,0.0000
01/02/2023 06:30:00,0.1169
01/02/2023 06:45:00,0.1956
01/02/2023 07:00:00,0.0058
01/02/2023 07:15:00,0.0001
01/02/2023 07:30:00,0.0029
01/02/2023 07:45:00,0.0076
01/02/2023 08:00:00,0.0041
01/02/2023 08:15:00,0.0053
01/02/2023 08:30:00,0.0066
01/02/2023 08:45:00,0.0051
01/02/2023 09:00:00,0.0005
01/02/2023 09:15:00,0.0000
01/02/2023 09:30:00,0.0000
01/02/2023 09:45:00,0.0000
01/02/2023 10:00:00,0.0000
01/02/2023 10:15:00,0.0002
01/02/2023 10:30:00,0.0004
01/02/2023 10:45:00,0.0004
01/02/2023 11:00:00,0.0000
01/02/2023 11:15:00,0.0018
01/02/2023 11:30:00,0.0067
01/02/2023 11:45:00,0.0078
01/02/2023 12:00:00,0.0069
01/02/2023 12:15:00,0.0005
01/02/2023 12:30:00,0.0007
01/02/2023 12:45:00,0.0000
01/02/2023 13:00:00,0.0000
01/02/2023 13:15:00,0.0015
01/02/2023 13:30:00,0.0000
01/02/2023 13:45:00,0.0000
01/02/2023 14:00:00,0.0001
01/02/2023 14:15:00,0.0004
01/02/2023 14:30:00,0.0018
01/02/2023 14:45:00,0.0000
01/02/2023 15:00:00,0.0000
01/02/2023 15:15:00,0.0023
01/02/2023 15:30:00,0.0017
01/02/2023 15:45:00,0.0002
01/02/2023 16:00:00,0.0001
01/02/2023 16:15:00,0.0000
01/02/2023 16:30:00,0.0000
01/02/2023 16:45:00,0.0000
01/02/2023 17:00:00,0.0001
01/02/2023 17:15:00,0.0002
01/02/2023 17:30:00,0.0000
01/02/2023 17:45:00,0.0000
01/02/2023 18:00:00,0.0000
01/02/2023 18:15:00,0.0001
01/02/2023 18:30:00,0.0001
01/02/2023 18:45:00,0.0000
01/02/2023 19:00:00,0.0000
01/02/2023 19:15:00,0.0000
01/02/2023 19:30:00,0.0002
01/02/2023 19:45:00,0.0000
01/02/2023 20:00:00,0.0043
01/02/2023 20:15:00,0.0720
01/02/2023 20:30:00,0.0781
01/02/2023 20:45:00,0.0307
01/02/2023 21:00:00,0.0294
01/02/2023 21:15:00,0.0179
01/02/2023 21:30:00,0.0167
01/02/2023 21:45:00,0.0208
01/02/2023 22:00:00,0.0222
01/02/2023 22:15:00,0.0150
01/02/2023 22:30:00,0.0027
01/02/2023 22:45:00,0.0209
01/02/2023 23:00:00,0.0204
01/02/2023 23:15:00,0.0222
01/02/2023 23:30:00,0.0152
01/02/2023 23:45:00,0.0068
01/03/2023 00:00:00,0.0000
01/03/2023 00:15:00,0.0002
01/03/2023 00:30:00,0.0000
01/03/2023 00:45:00,0.0000
01/03/2023 01:00:00,0.0006
01/03/2023 01:15:00,0.0001
01/03/2023 01:30:00,0.0001
01/03/2023 01:45:00,0.0000
01/03/2023 02:00:00,0.0000
01/03/2023 02:15:00,0.0001
01/03/2023 02:30:00,0.0001
01/03/2023 02:45:00,0.0000
01/03/2023 03:00:00,0.0000
01/03/2023 03:15:00,0.0000
01/03/2023 03:30:00,0.0002
01/03/2023 03:45:00,0.0000
01/03/2023 04:00:00,0.0000
01/03/2023 04:15:00,0.0000
01/03/2023 04:30:00,0.0001
01/03/2023 04:45:00,0.0000
01/03/2023 05:00:00,0.0000
01/03/2023 05:15:00,0.0000
01/03/2023 05:30:00,0.0006
01/03/2023 05:45:00,0.0001
01/03/2023 06:00:00,0.0000
01/03/2023 06:15:00,0.0004
01/03/2023 06:30:00,0.0006
01/03/2023 06:45:00,0.0228
01/03/2023 07:00:00,0.0008
01/03/2023 07:15:00,0.0000
01/03/2023 07:30:00,0.0000
01/03/2023 07:45:00,0.0001
01/03/2023 08:00:00,0.0000
01/03/2023 08:15:00,0.0003
01/03/2023 08:30:00,0.0029
01/03/2023 08:45:00,0.0029
01/03/2023 09:00:00,0.0000
01/03/2023 09:15:00,0.0006
01/03/2023 09:30:00,0.0036
01/03/2023 09:45:00,0.0080
01/03/2023 10:00:00,0.0083
01/03/2023 10:15:00,0.0033
01/03/2023 10:30:00,0.0048
01/03/2023 10:45:00,0.0063
01/03/2023 11:00:00,0.0075
01/03/2023 11:15:00,0.0043
01/03/2023 11:30:00,0.0005
01/03/2023 11:45:00,0.0000
01/03/2023 12:00:00,0.0000
01/03/2023 12:15:00,0.0000
01/03/2023 12:30:00,0.0000
01/03/2023 12:45:00,0.0004
01/03/2023 13:00:00,0.0000
01/03/2023 13:15:00,0.0005
01/03/2023 13:30:00,0.0008
01/03/2023 13:45:00,0.0021
01/03/2023 14:00:00,0.0091
01/03/2023 14:15:00,0.0033
01/03/2023 14:30:00,0.0003
01/03/2023 14:45:00,0.0001
01/03/2023 15:00:00,0.0000
01/03/2023 15:15:00,0.0000
01/03/2023 15:30:00,0.0001
01/03/2023 15:45:00,0.0000
01/03/2023 16:00:00,0.0000
01/03/2023 16:15:00,0.0000
01/03/2023 16:30:00,0.0000
01/03/2023 16:45:00,0.0000
01/03/2023 17:00:00,0.0001
01/03/2023 17:15:00,0.0000
01/03/2023 17:30:00,0.0000
01/03/2023 17:45:00,0.0000
01/03/2023 18:00:00,0.0000
01/03/2023 18:15:00,0.0000
01/03/2023 18:30:00,0.0000
01/03/2023 18:45:00,0.0000
01/03/2023 19:00:00,0.0000
01/03/2023 19:15:00,0.0000
01/03/2023 19:30:00,0.0000
01/03/2023 19:45:00,0.0001
01/03/2023 20:00:00,0.0000
01/03/2023 20:15:00,0.0000
01/03/2023 20:30:00,0.0007
01/03/2023 20:45:00,0.0371
01/03/2023 21:00:00,0.0445
01/03/2023 21:15:00,0.0460
01/03/2023 21:30:00,0.0452
01/03/2023 21:45:00,0.0388
01/03/2023 22:00:00,0.0357
01/03/2023 22:15:00,0.0155
01/03/2023 22:30:00,0.0234
01/03/2023 22:45:00,0.0301
01/03/2023 23:00:00,0.0085
01/03/2023 23:15:00,0.0051
01/03/2023 23:30:00,0.0030
01/03/2023 23:45:00,0.0004
01/04/2023 00:00:00,0.0000
01/04/2023 00:15:00,0.0000
01/04/2023 00:30:00,0.0000
01/04/2023 00:45:00,0.0000
01/04/2023 01:00:00,0.0000
01/04/2023 01:15:00,0.0000
01/04/2023 01:30:00,0.0001
01/04/2023 01:45:00,0.0000
01/04/2023 02:00:00,0.0000
01/04/2023 02:15:00,0.0000
01/04/2023 02:30:00,0.0000
01/04/2023 02:45:00,0.0000
01/04/2023 03:00:00,0.0000
01/04/2023 03:15:00,0.0000
01/04/2023 03:30:00,0.0000
01/04/2023 03:45:00,0.0000
01/04/2023 04:00:00,0.0000
01/04/2023 04:15:00,0.0007
01/04/2023 04:30:00,0.0000
01/04/2023 04:45:00,0.0000
01/04/2023 05:00:00,0.0000
01/04/2023 05:15:00,0.0000
01/04/2023 05:30:00,0.0000
01/04/2023 05:45:00,0.0000
01/04/2023 06:00:00,0.0000
01/04/2023 06:15:00,0.0000
01/04/2023 06:30:00,0.0011
01/04/2023 06:45:00,0.0080
01/04/2023 07:00:00,0.0004
01/04/2023 07:15:00,0.0002
01/04/2023 07:30:00,0.0001
01/04/2023 07:45:00,0.0000
01/04/2023 08:00:00,0.0000
01/04/2023 08:15:00,0.0000
01/04/2023 08:30:00,0.0001
01/04/2023 08:45:00,0.0000
01/04/2023 09:00:00,0.0000
01/04/2023 09:15:00,0.0017
01/04/2023 09:30:00,0.0012
01/04/2023 09:45:00,0.0002
01/04/2023 10:00:00,0.0000
01/04/2023 10:15:00,0.0013
01/04/2023 10:30:00,0.0325
01/04/2023 10:45:00,0.0487
01/04/2023 11:00:00,0.0497
01/04/2023 11:15:00,0.0137
01/04/2023 11:30:00,0.0000
01/04/2023 11:45:00,0.0003
01/04/2023 12:00:00,0.0000
01/04/2023 12:15:00,0.0000
01/04/2023 12:30:00,0.0008
01/04/2023 12:45:00,0.1705
01/04/2023 13:00:00,0.0004
01/04/2023 13:15:00,0.0015
01/04/2023 13:30:00,0.0007
01/04/2023 13:45:00,0.0201
01/04/2023 14:00:00,0.0179
01/04/2023 14:15:00,0.0053
01/04/2023 14:30:00,0.0000
01/04/2023 14:45:00,0.0001
01/04/2023 15:00:00,0.0000
01/04/2023 15:15:00,0.0001
01/04/2023 15:30:00,0.0004
01/04/2023 15:45:00,0.0015
01/04/2023 16:00:00,0.0054
01/04/2023 16:15:00,0.0001
01/04/2023 16:30:00,0.0001
01/04/2023 16:45:00,0.0000
01/04/2023 17:00:00,0.0000
01/04/2023 17:15:00,0.0000
01/04/2023 17:30:00,0.0000
01/04/2023 17:45:00,0.0000
01/04/2023 18:00:00,0.0000
01/04/2023 18:15:00,0.0000
01/04/2023 18:30:00,0.0000
01/04/2023 18:45:00,0.0001
01/04/2023 19:00:00,0.0025
01/04/2023 19:15:00,0.0168
01/04/2023 19:30:00,0.0120
01/04/2023 19:45:00,0.0082
01/04/2023 20:00:00,0.0115
01/04/2023 20:15:00,0.0192
01/04/2023 20:30:00,0.0188
01/04/2023 20:45:00,0.0303
01/04/2023 21:00:00,0.0422
01/04/2023 21:15:00,0.0493
01/04/2023 21:30:00,0.0353
01/04/2023 21:45:00,0.0116
01/04/2023 22:00:00,0.0099
01/04/2023 22:15:00,0.0230
01/04/2023 22:30:00,0.0286
01/04/2023 22:45:00,0.1280
01/04/2023 23:00:00,0.0251
01/04/2023 23:15:00,0.0185
01/04/2023 23:30:00,0.0005
01/04/2023 23:45:00,0.0000
01/05/2023 00:00:00,0.0046
01/05/2023 00:15:00,0.0089
01/05/2023 00:30:00,0.0077
01/05/2023 00:45:00,0.0048
01/05/2023 01:00:00,0.0021
01/05/2023 01:15:00,0.0000
01/05/2023 01:30:00,0.0000
01/05/2023 01:45:00,0.0001
01/05/2023 02:00:00,0.0000
01/05/2023 02:15:00,0.0000
01/05/2023 02:30:00,0.0005
01/05/2023 02:45:00,0.0000
01/05/2023 03:00:00,0.0000
01/05/2023 03:15:00,0.0000
01/05/2023 03:30:00,0.0001
01/05/2023 03:45:00,0.0000
01/05/2023 04:00:00,0.0000
01/05/2023 04:15:00,0.0000
01/05/2023 04:30:00,0.0001
01/05/2023 04:45:00,0.0001
01/05/2023 05:00:00,0.0000
01/05/2023 05:15:00,0.0005
01/05/2023 05:30:00,0.0004
01/05/2023 05:45:00,0.0001
01/05/2023 06:00:00,0.0000
01/05/2023 06:15:00,0.0003
01/05/2023 06:30:00,0.0045
01/05/2023 06:45:00,0.0053
01/05/2023 07:00:00,0.0005
01/05/2023 07:15:00,0.0004
01/05/2023 07:30:00,0.0141
01/05/2023 07:45:00,0.0182
01/05/2023 08:00:00,0.0088
01/05/2023 08:15:00,0.0001
01/05/2023 08:30:00,0.0023
01/05/2023 08:45:00,0.0031
01/05/2023 09:00:00,0.0007
01/05/2023 09:15:00,0.0001
01/05/2023 09:30:00,0.0002
01/05/2023 09:45:00,0.0000
01/05/2023 10:00:00,0.0001
01/05/2023 10:15:00,0.0000
01/05/2023 10:30:00,0.0005
01/05/2023 10:45:00,0.0009
01/05/2023 11:00:00,0.0000
01/05/2023 11:15:00,0.0001
01/05/2023 11:30:00,0.0000
01/05/2023 11:45:00,0.0000
01/05/2023 12:00:00,0.0000
01/05/2023 12:15:00,0.0000
01/05/2023 12:30:00,0.0000
01/05/2023 12:45:00,0.0008
01/05/2023 13:00:00,0.0035
01/05/2023 13:15:00,0.0002
01/05/2023 13:30:00,0.0000
01/05/2023 13:45:00,0.0004
01/05/2023 14:00:00,0.0000
01/05/2023 14:15:00,0.0111
01/05/2023 14:30:00,0.0002
01/05/2023 14:45:00,0.0002
01/05/2023 15:00:00,0.0001
01/05/2023 15:15:00,0.0003
01/05/2023 15:30:00,0.0000
01/05/2023 15:45:00,0.0000
01/05/2023 16:00:00,0.0000
01/05/2023 16:15:00,0.0001
01/05/2023 16:30:00,0.0000
01/05/2023 16:45:00,0.0000
01/05/2023 17:00:00,0.0000
01/05/2023 17:15:00,0.0001
01/05/2023 17:30:00,0.0000
01/05/2023 17:45:00,0.0000
01/05/2023 18:00:00,0.0000
01/05/2023 18:15:00,0.0001
01/05/2023 18:30:00,0.0000
01/05/2023 18:45:00,0.0000
01/05/2023 19:00:00,0.0000
01/05/2023 19:15:00,0.0001
01/05/2023 19:30:00,0.0000
01/05/2023 19:45:00,0.0000
01/05/2023 20:00:00,0.0000
01/05/2023 20:15:00,0.0001
01/05/2023 20:30:00,0.0001
01/05/2023 20:45:00,0.0000
01/05/2023 21:00:00,0.0000
01/05/2023 21:15:00,0.0001
01/05/2023 21:30:00,0.0001
01/05/2023 21:45:00,0.0140
01/05/2023 22:00:00,0.0233
01/05/2023 22:15:00,0.0235
01/05/2023 22:30:00,0.0177
01/05/2023 22:45:00,0.0390
01/05/2023 23:00:00,0.0305
01/05/2023 23:15:00,0.0323
01/05/2023 23:30:00,0.0278
01/05/2023 23:45:00,0.0114
01/06/2023 00:00:00,0.0108
01/06/2023 00:15:00,0.0053
01/06/2023 00:30:00,0.0000
01/06/2023 00:45:00,0.0000
01/06/2023 01:00:00,0.0000
01/06/2023 01:15:00,0.0001
01/06/2023 01:30:00,0.0000
01/06/2023 01:45:00,0.0025
01/06/2023 02:00:00,0.0023
01/06/2023 02:15:00,0.0002
01/06/2023 02:30:00,0.0001
01/06/2023 02:45:00,0.0000
01/06/2023 03:00:00,0.0000
01/06/2023 03:15:00,0.0000
01/06/2023 03:30:00,0.0002
01/06/2023 03:45:00,0.0000
01/06/2023 04:00:00,0.0005
01/06/2023 04:15:00,0.0000
01/06/2023 04:30:00,0.0001
01/06/2023 04:45:00,0.0001
01/06/2023 05:00:00,0.0000
01/06/2023 05:15:00,0.0004
01/06/2023 05:30:00,0.0000
01/06/2023 05:45:00,0.0001
01/06/2023 06:00:00,0.0000
01/06/2023 06:15:00,0.0000
01/06/2023 06:30:00,0.0265
01/06/2023 06:45:00,0.0154
01/06/2023 07:00:00,0.0040
01/06/2023 07:15:00,0.0000
01/06/2023 07:30:00,0.0024
01/06/2023 07:45:00,0.0005
01/06/2023 08:00:00,0.0000
01/06/2023 08:15:00,0.0000
01/06/2023 08:30:00,0.0000
01/06/2023 08:45:00,0.0001
01/06/2023 09:00:00,0.0001
01/06/2023 09:15:00,0.0000
01/06/2023 09:30:00,0.0028
01/06/2023 09:45:00,0.0005
01/06/2023 10:00:00,0.0004
01/06/2023 10:15:00,0.0014
01/06/2023 10:30:00,0.0027
01/06/2023 10:45:00,0.0001
01/06/2023 11:00:00,0.0000
01/06/2023 11:15:00,0.0031
01/06/2023 11:30:00,0.0078
01/06/2023 11:45:00,0.0056
01/06/2023 12:00:00,0.0005
01/06/2023 12:15:00,0.0001
01/06/2023 12:30:00,0.0007
01/06/2023 12:45:00,0.0000
01/06/2023 13:00:00,0.0031
01/06/2023 13:15:00,0.0005
01/06/2023 13:30:00,0.0012
01/06/2023 13:45:00,0.0000
01/06/2023 14:00:00,0.0000
01/06/2023 14:15:00,0.0000
01/06/2023 14:30:00,0.0000
01/06/2023 14:45:00,0.0000
01/06/2023 15:00:00,0.0000
01/06/2023 15:15:00,0.0000
01/06/2023 15:30:00,0.0000
01/06/2023 15:45:00,0.0000
01/06/2023 16:00:00,0.0000
01/06/2023 16:15:00,0.0000
01/06/2023 16:30:00,0.0000
01/06/2023 16:45:00,0.0000
01/06/2023 17:00:00,0.0001
01/06/2023 17:15:00,0.0000
01/06/2023 17:30:00,0.0000
01/06/2023 17:45:00,0.0003
01/06/2023 18:00:00,0.0008
01/06/2023 18:15:00,0.0001
01/06/2023 18:30:00,0.0000
01/06/2023 18:45:00,0.0001
01/06/2023 19:00:00,0.0000
01/06/2023 19:15:00,0.0006
01/06/2023 19:30:00,0.0022
01/06/2023 19:45:00,0.0009
01/06/2023 20:00:00,0.0002
01/06/2023 20:15:00,0.0001
01/06/2023 20:30:00,0.0000
01/06/2023 20:45:00,0.0434
01/06/2023 21:00:00,0.0465
01/06/2023 21:15:00,0.0344
01/06/2023 21:30:00,0.0358
01/06/2023 21:45:00,0.0371
01/06/2023 22:00:00,0.0419
01/06/2023 22:15:00,0.0444
01/06/2023 22:30:00,0.0401
01/06/2023 22:45:00,0.0305
01/06/2023 23:00:00,0.0237
01/06/2023 23:15:00,0.0208
01/06/2023 23:30:00,0.0222
01/06/2023 23:45:00,0.0243
01/07/2023 00:00:00,0.0238
01/07/2023 00:15:00,0.0219
01/07/2023 00:30:00,0.0213
01/07/2023 00:45:00,0.0238
01/07/2023 01:00:00,0.0238
01/07/2023 01:15:00,0.0230
01/07/2023 01:30:00,0.0212
01/07/2023 01:45:00,0.0229
01/07/2023 02:00:00,0.0238
01/07/2023 02:15:00,0.0079
01/07/2023 02:30:00,0.0001
01/07/2023 02:45:00,0.0001
01/07/2023 03:00:00,0.0000
01/07/2023 03:15:00,0.0000
01/07/2023 03:30:00,0.0001
01/07/2023 03:45:00,0.0001
01/07/2023 04:00:00,0.0000
01/07/2023 04:15:00,0.0000
01/07/2023 04:30:00,0.0000
01/07/2023 04:45:00,0.0001
01/07/2023 05:00:00,0.0001
01/07/2023 05:15:00,0.0000
01/07/2023 05:30:00,0.0000
01/07/2023 05:45:00,0.0001
01/07/2023 06:00:00,0.0000
01/07/2023 06:15:00,0.0000
01/07/2023 06:30:00,0.0001
01/07/2023 06:45:00,0.0001
01/07/2023 07:00:00,0.0000
01/07/2023 07:15:00,0.0000
01/07/2023 07:30:00,0.0002
01/07/2023 07:45:00,0.0001
01/07/2023 08:00:00,0.0016
01/07/2023 08:15:00,0.0004
01/07/2023 08:30:00,0.0001
01/07/2023 08:45:00,0.0066
01/07/2023 09:00:00,0.0057
01/07/2023 09:15:00,0.0079
01/07/2023 09:30:00,0.0057
01/07/2023 09:45:00,0.0056
01/07/2023 10:00:00,0.0078
01/07/2023 10:15:00,0.0073
01/07/2023 10:30:00,0.0012
01/07/2023 10:45:00,0.0003
01/07/2023 11:00:00,0.0000
01/07/2023 11:15:00,0.0008
01/07/2023 11:30:00,0.0025
01/07/2023 11:45:00,0.0077
01/07/2023 12:00:00,0.0017
01/07/2023 12:15:00,0.0001
01/07/2023 12:30:00,0.0004
01/07/2023 12:45:00,0.0033
01/07/2023 13:00:00,0.0019
01/07/2023 13:15:00,0.0001
01/07/2023 13:30:00,0.0001
01/07/2023 13:45:00,0.0010
01/07/2023 14:00:00,0.0002
01/07/2023 14:15:00,0.0002
01/07/2023 14:30:00,0.0001
01/07/2023 14:45:00,0.0001
01/07/2023 15:00:00,0.0001
01/07/2023 15:15:00,0.0002
01/07/2023 15:30:00,0.0002
01/07/2023 15:45:00,0.0001
01/07/2023 16:00:00,0.0000
01/07/2023 16:15:00,0.0030
01/07/2023 16:30:00,0.0098
01/07/2023 16:45:00,0.0012
01/07/2023 17:00:00,0.0000
01/07/2023 17:15:00,0.0001
01/07/2023 17:30:00,0.0000
01/07/2023 17:45:00,0.0000
01/07/2023 18:00:00,0.0000
01/07/2023 18:15:00,0.0000
01/07/2023 18:30:00,0.0000
01/07/2023 18:45:00,0.0000
01/07/2023 19:00:00,0.0001
01/07/2023 19:15:00,0.0000
01/07/2023 19:30:00,0.0000
01/07/2023 19:45:00,0.0000
01/07/2023 20:00:00,0.0000
01/07/2023 20:15:00,0.0001
01/07/2023 20:30:00,0.0000
01/07/2023 20:45:00,0.0000
01/07/2023 21:00:00,0.0000
01/07/2023 21:15:00,0.0001
01/07/2023 21:30:00,0.0001
01/07/2023 21:45:00,0.0000
01/07/2023 22:00:00,0.0000
01/07/2023 22:15:00,0.0357
01/07/2023 22:30:00,0.0339
01/07/2023 22:45:00,0.0262
01/07/2023 23:00:00,0.0225
01/07/2023 23:15:00,0.0209
01/07/2023 23:30:00,0.0102
01/07/2023 23:45:00,0.0071
01/08/2023 00:00:00,0.0094
01/08/2023 00:15:00,0.0098
01/08/2023 00:30:00,0.0098
01/08/2023 00:45:00,0.0026
01/08/2023 01:00:00,0.0000
01/08/2023 01:15:00,0.0001
01/08/2023 01:30:00,0.0000
01/08/2023 01:45:00,0.0000
01/08/2023 02:00:00,0.0000
01/08/2023 02:15:00,0.0000
01/08/2023 02:30:00,0.0001
01/08/2023 02:45:00,0.0000
01/08/2023 03:00:00,0.0036
01/08/2023 03:15:00,0.0020
01/08/2023 03:30:00,0.0000
01/08/2023 03:45:00,0.0000
01/08/2023 04:00:00,0.0000
01/08/2023 04:15:00,0.0000
01/08/2023 04:30:00,0.0000
01/08/2023 04:45:00,0.0000
01/08/2023 05:00:00,0.0001
01/08/2023 05:15:00,0.0128
01/08/2023 05:30:00,0.0355
01/08/2023 05:45:00,0.0163
01/08/2023 06:00:00,0.0134
01/08/2023 06:15:00,0.0123
01/08/2023 06:30:00,0.0139
01/08/2023 06:45:00,0.0145
01/08/2023 07:00:00,0.0147
01/08/2023 07:15:00,0.0085
01/08/2023 07:30:00,0.0000
01/08/2023 07:45:00,0.0000
01/08/2023 08:00:00,0.0000
01/08/2023 08:15:00,0.0000
01/08/2023 08:30:00,0.0001
01/08/2023 08:45:00,0.0000
01/08/2023 09:00:00,0.0000
01/08/2023 09:15:00,0.0092
01/08/2023 09:30:00,0.0092
01/08/2023 09:45:00,0.0072
01/08/2023 10:00:00,0.0119
01/08/2023 10:15:00,0.0100
01/08/2023 10:30:00,0.0090
01/08/2023 10:45:00,0.0082
01/08/2023 11:00:00,0.0025
01/08/2023 11:15:00,0.0010
01/08/2023 11:30:00,0.0008
01/08/2023 11:45:00,0.0001
01/08/2023 12:00:00,0.0002
01/08/2023 12:15:00,0.0054
01/08/2023 12:30:00,0.0091
01/08/2023 12:45:00,0.0017
01/08/2023 13:00:00,0.0002
01/08/2023 13:15:00,0.0000
01/08/2023 13:30:00,0.0002
01/08/2023 13:45:00,0.0001
01/08/2023 14:00:00,0.0000
01/08/2023 14:15:00,0.0000
01/08/2023 14:30:00,0.0001
01/08/2023 14:45:00,0.0000
01/08/2023 15:00:00,0.0000
01/08/2023 15:15:00,0.0001
01/08/2023 15:30:00,0.0001
01/08/2023 15:45:00,0.0012
01/08/2023 16:00:00,0.0029
01/08/2023 16:15:00,0.0012
01/08/2023 16:30:00,0.0001
01/08/2023 16:45:00,0.0001
01/08/2023 17:00:00,0.0000
01/08/2023 17:15:00,0.0000
01/08/2023 17:30:00,0.0001
01/08/2023 17:45:00,0.0001
01/08/2023 18:00:00,0.0000
01/08/2023 18:15:00,0.0000
01/08/2023 18:30:00,0.0000
01/08/2023 18:45:00,0.0442
01/08/2023 19:00:00,0.0522
01/08/2023 19:15:00,0.0297
01/08/2023 19:30:00,0.0324
01/08/2023 19:45:00,0.0278
01/08/2023 20:00:00,0.0391
01/08/2023 20:15:00,0.0343
01/08/2023 20:30:00,0.0155
01/08/2023 20:45:00,0.0283
01/08/2023 21:00:00,0.0120
01/08/2023 21:15:00,0.0632
01/08/2023 21:30:00,0.0298
01/08/2023 21:45:00,0.0209
01/08/2023 22:00:00,0.0155
01/08/2023 22:15:00,0.0019
01/08/2023 22:30:00,0.0000
01/08/2023 22:45:00,0.0000
01/08/2023 23:00:00,0.0001
01/08/2023 23:15:00,0.0001
01/08/2023 23:30:00,0.0001
01/08/2023 23:45:00,0.0000
01/09/2023 00:00:00,0.0000
01/09/2023 00:15:00,0.0001
01/09/2023 00:30:00,0.0001
01/09/2023 00:45:00,0.0000
01/09/2023 01:00:00,0.0000
01/09/2023 01:15:00,0.0000
01/09/2023 01:30:00,0.0001
01/09/2023 01:45:00,0.0009
01/09/2023 02:00:00,0.0000
01/09/2023 02:15:00,0.0000
01/09/2023 02:30:00,0.0001
01/09/2023 02:45:00,0.0001
01/09/2023 03:00:00,0.0000
01/09/2023 03:15:00,0.0000
01/09/2023 03:30:00,0.0000
01/09/2023 03:45:00,0.0002
01/09/2023 04:00:00,0.0001
01/09/2023 04:15:00,0.0000
01/09/2023 04:30:00,0.0000
01/09/2023 04:45:00,0.0000
01/09/2023 05:00:00,0.0002
01/09/2023 05:15:00,0.0000
01/09/2023 05:30:00,0.0000
01/09/2023 05:45:00,0.0000
01/09/2023 06:00:00,0.0000
01/09/2023 06:15:00,0.0193
01/09/2023 06:30:00,0.0075
01/09/2023 06:45:00,0.0007
01/09/2023 07:00:00,0.0007
01/09/2023 07:15:00,0.0008
01/09/2023 07:30:00,0.0001
01/09/2023 07:45:00,0.0001
01/09/2023 08:00:00,0.0000
01/09/2023 08:15:00,0.0000
01/09/2023 08:30:00,0.0001
01/09/2023 08:45:00,0.0001
01/09/2023 09:00:00,0.0000
01/09/2023 09:15:00,0.0000
01/09/2023 09:30:00,0.0000
01/09/2023 09:45:00,0.0001
01/09/2023 10:00:00,0.0000
01/09/2023 10:15:00,0.0000
01/09/2023 10:30:00,0.0000
01/09/2023 10:45:00,0.0000
01/09/2023 11:00:00,0.0001
01/09/2023 11:15:00,0.0000
01/09/2023 11:30:00,0.0000
01/09/2023 11:45:00,0.0000
01/09/2023 12:00:00,0.0000
01/09/2023 12:15:00,0.0000
01/09/2023 12:30:00,0.0000
01/09/2023 12:45:00,0.0000
01/09/2023 13:00:00,0.0000
01/09/2023 13:15:00,0.0000
01/09/2023 13:30:00,0.0001
01/09/2023 13:45:00,0.0001
01/09/2023 14:00:00,0.0000
01/09/2023 14:15:00,0.0007
01/09/2023 14:30:00,0.0000
01/09/2023 14:45:00,0.0000
01/09/2023 15:00:00,0.0001
01/09/2023 15:15:00,0.0006
01/09/2023 15:30:00,0.0001
01/09/2023 15:45:00,0.0000
01/09/2023 16:00:00,0.0000
01/09/2023 16:15:00,0.0000
01/09/2023 16:30:00,0.0000
01/09/2023 16:45:00,0.0001
01/09/2023 17:00:00,0.0000
01/09/2023 17:15:00,0.0000
01/09/2023 17:30:00,0.0000
01/09/2023 17:45:00,0.0161
01/09/2023 18:00:00,0.0000
01/09/2023 18:15:00,0.0000
01/09/2023 18:30:00,0.0001
01/09/2023 18:45:00,0.0951
01/09/2023 19:00:00,0.0905
01/09/2023 19:15:00,0.0919
01/09/2023 19:30:00,0.0932
01/09/2023 19:45:00,0.0801
01/09/2023 20:00:00,0.0439
01/09/2023 20:15:00,0.0459
01/09/2023 20:30:00,0.0183
01/09/2023 20:45:00,0.0171
01/09/2023 21:00:00,0.0165
01/09/2023 21:15:00,0.0183
01/09/2023 21:30:00,0.0229
01/09/2023 21:45:00,0.0299
01/09/2023 22:00:00,0.0387
01/09/2023 22:15:00,0.0230
01/09/2023 22:30:00,0.0128
01/09/2023 22:45:00,0.0001
01/09/2023 23:00:00,0.0000
01/09/2023 23:15:00,0.0031
01/09/2023 23:30:00,0.0023
01/09/2023 23:45:00,0.0002
01/10/2023 00:00:00,0.0001
01/10/2023 00:15:00,0.0001
01/10/2023 00:30:00,0.0000
01/10/2023 00:45:00,0.0000
01/10/2023 01:00:00,0.0002
01/10/2023 01:15:00,0.0001
01/10/2023 01:30:00,0.0000
01/10/2023 01:45:00,0.0000
01/10/2023 02:00:00,0.0000
01/10/2023 02:15:00,0.0001
01/10/2023 02:30:00,0.0001
01/10/2023 02:45:00,0.0000
01/10/2023 03:00:00,0.0000
01/10/2023 03:15:00,0.0001
01/10/2023 03:30:00,0.0001
01/10/2023 03:45:00,0.0000
01/10/2023 04:00:00,0.0000
01/10/2023 04:15:00,0.0000
01/10/2023 04:30:00,0.0001
01/10/2023 04:45:00,0.0001
01/10/2023 05:00:00,0.0000
01/10/2023 05:15:00,0.0000
01/10/2023 05:30:00,0.0000
01/10/2023 05:45:00,0.0006
01/10/2023 06:00:00,0.0015
01/10/2023 06:15:00,0.0115
01/10/2023 06:30:00,0.0059
01/10/2023 06:45:00,0.0010
01/10/2023 07:00:00,0.0003
01/10/2023 07:15:00,0.0002
01/10/2023 07:30:00,0.0019
01/10/2023 07:45:00,0.0001
01/10/2023 08:00:00,0.0001
01/10/2023 08:15:00,0.0001
01/10/2023 08:30:00,0.0000
01/10/2023 08:45:00,0.0000
01/10/2023 09:00:00,0.0000
01/10/2023 09:15:00,0.0000
01/10/2023 09:30:00,0.0001
01/10/2023 09:45:00,0.0000
01/10/2023 10:00:00,0.0000
01/10/2023 10:15:00,0.0000
01/10/2023 10:30:00,0.0001
01/10/2023 10:45:00,0.0001
01/10/2023 11:00:00,0.0000
01/10/2023 11:15:00,0.0000
01/10/2023 11:30:00,0.0000
01/10/2023 11:45:00,0.0000
01/10/2023 12:00:00,0.0000
01/10/2023 12:15:00,0.0000
01/10/2023 12:30:00,0.0000
01/10/2023 12:45:00,0.0000
01/10/2023 13:00:00,0.0000
01/10/2023 13:15:00,0.0000
01/10/2023 13:30:00,0.0000
01/10/2023 13:45:00,0.0000
01/10/2023 14:00:00,0.0000
01/10/2023 14:15:00,0.0000
01/10/2023 14:30:00,0.0000
01/10/2023 14:45:00,0.0000
01/10/2023 15:00:00,0.0000
01/10/2023 15:15:00,0.0000
01/10/2023 15:30:00,0.0000
01/10/2023 15:45:00,0.0000
01/10/2023 16:00:00,0.0000
01/10/2023 16:15:00,0.0000
01/10/2023 16:30:00,0.0003
01/10/2023 16:45:00,0.0000
01/10/2023 17:00:00,0.0020
01/10/2023 17:15:00,0.0037
01/10/2023 17:30:00,0.0000
01/10/2023 17:45:00,0.0000
01/10/2023 18:00:00,0.0000
01/10/2023 18:15:00,0.0000
01/10/2023 18:30:00,0.0119
01/10/2023 18:45:00,0.0109
01/10/2023 19:00:00,0.0220
01/10/2023 19:15:00,0.0246
01/10/2023 19:30:00,0.0126
01/10/2023 19:45:00,0.0175
01/10/2023 20:00:00,0.0336
01/10/2023 20:15:00,0.0350
01/10/2023 20:30:00,0.0294
01/10/2023 20:45:00,0.0272
01/10/2023 21:00:00,0.0309
01/10/2023 21:15:00,0.0335
01/10/2023 21:30:00,0.0662
01/10/2023 21:45:00,0.0484
01/10/2023 22:00:00,0.1060
01/10/2023 22:15:00,0.0023
01/10/2023 22:30:00,0.0000
01/10/2023 22:45:00,0.0002
01/10/2023 23:00:00,0.0001
01/10/2023 23:15:00,0.0000
01/10/2023 23:30:00,0.0005
01/10/2023 23:45:00,0.0002
01/11/2023 00:00:00,0.0000
01/11/2023 00:15:00,0.0000
01/11/2023 00:30:00,0.0004
01/11/2023 00:45:00,0.0001
01/11/2023 01:00:00,0.0000
01/11/2023 01:15:00,0.0000
01/11/2023 01:30:00,0.0000
01/11/2023 01:45:00,0.0002
01/11/2023 02:00:00,0.0000
01/11/2023 02:15:00,0.0000
01/11/2023 02:30:00,0.0000
01/11/2023 02:45:00,0.0002
01/11/2023 03:00:00,0.0001
01/11/2023 03:15:00,0.0006
01/11/2023 03:30:00,0.0000
01/11/2023 03:45:00,0.0000
01/11/2023 04:00:00,0.0001
01/11/2023 04:15:00,0.0001
01/11/2023 04:30:00,0.0000
01/11/2023 04:45:00,0.0000
01/11/2023 05:00:00,0.0001
01/11/2023 05:15:00,0.0001
01/11/2023 05:30:00,0.0000
01/11/2023 05:45:00,0.0028
01/11/2023 06:00:00,0.0041
01/11/2023 06:15:00,0.0105
01/11/2023 06:30:00,0.0105
01/11/2023 06:45:00,0.0000
01/11/2023 07:00:00,0.0000
01/11/2023 07:15:00,0.0003
01/11/2023 07:30:00,0.0002
01/11/2023 07:45:00,0.0005
01/11/2023 08:00:00,0.0001
01/11/2023 08:15:00,0.0000
01/11/2023 08:30:00,0.0000
01/11/2023 08:45:00,0.0001
01/11/2023 09:00:00,0.0001
01/11/2023 09:15:00,0.0000
01/11/2023 09:30:00,0.0012
01/11/2023 09:45:00,0.0013
01/11/2023 10:00:00,0.0061
01/11/2023 10:15:00,0.0047
01/11/2023 10:30:00,0.0001
01/11/2023 10:45:00,0.0000
01/11/2023 11:00:00,0.0000
01/11/2023 11:15:00,0.0057
01/11/2023 11:30:00,0.0019
01/11/2023 11:45:00,0.0001
01/11/2023 12:00:00,0.0000
01/11/2023 12:15:00,0.0000
01/11/2023 12:30:00,0.0000
01/11/2023 12:45:00,0.0001
01/11/2023 13:00:00,0.0000
01/11/2023 13:15:00,0.0000
01/11/2023 13:30:00,0.0002
01/11/2023 13:45:00,0.0000
01/11/2023 14:00:00,0.0000
01/11/2023 14:15:00,0.0000
01/11/2023 14:30:00,0.0000
01/11/2023 14:45:00,0.0000
01/11/2023 15:00:00,0.0009
01/11/2023 15:15:00,0.0002
01/11/2023 15:30:00,0.0000
01/11/2023 15:45:00,0.0000
01/11/2023 16:00:00,0.0015
01/11/2023 16:15:00,0.0001
01/11/2023 16:30:00,0.0000
01/11/2023 16:45:00,0.0000
01/11/2023 17:00:00,0.0000
01/11/2023 17:15:00,0.0002
01/11/2023 17:30:00,0.0000
01/11/2023 17:45:00,0.0000
01/11/2023 18:00:00,0.0001
01/11/2023 18:15:00,0.0001
01/11/2023 18:30:00,0.0000
01/11/2023 18:45:00,0.0000
01/11/2023 19:00:00,0.0000
01/11/2023 19:15:00,0.0000
01/11/2023 19:30:00,0.0000
01/11/2023 19:45:00,0.0000
01/11/2023 20:00:00,0.0000
01/11/2023 20:15:00,0.0000
01/11/2023 20:30:00,0.0001
01/11/2023 20:45:00,0.0226
01/11/2023 21:00:00,0.0058
01/11/2023 21:15:00,0.0145
01/11/2023 21:30:00,0.0276
01/11/2023 21:45:00,0.0750
01/11/2023 22:00:00,0.0689
01/11/2023 22:15:00,0.1195
01/11/2023 22:30:00,0.0183
01/11/2023 22:45:00,0.0014
01/11/2023 23:00:00,0.0003
01/11/2023 23:15:00,0.0001
01/11/2023 23:30:00,0.0000
01/11/2023 23:45:00,0.0000
01/12/2023 00:00:00,0.0000
01/12/2023 00:15:00,0.0000
01/12/2023 00:30:00,0.0000
01/12/2023 00:45:00,0.0000
01/12/2023 01:00:00,0.0000
01/12/2023 01:15:00,0.0007
01/12/2023 01:30:00,0.0000
01/12/2023 01:45:00,0.0000
01/12/2023 02:00:00,0.0005
01/12/2023 02:15:00,0.0000
01/12/2023 02:30:00,0.0000
01/12/2023 02:45:00,0.0000
01/12/2023 03:00:00,0.0000
01/12/2023 03:15:00,0.0000
01/12/2023 03:30:00,0.0000
01/12/2023 03:45:00,0.0000
01/12/2023 04:00:00,0.0000
01/12/2023 04:15:00,0.0000
01/12/2023 04:30:00,0.0000
01/12/2023 04:45:00,0.0000
01/12/2023 05:00:00,0.0000
01/12/2023 05:15:00,0.0000
01/12/2023 05:30:00,0.0000
01/12/2023 05:45:00,0.0001
01/12/2023 06:00:00,0.0061
01/12/2023 06:15:00,0.0175
01/12/2023 06:30:00,0.0025
01/12/2023 06:45:00,0.0011
01/12/2023 07:00:00,0.0000
01/12/2023 07:15:00,0.0000
01/12/2023 07:30:00,0.0000
01/12/2023 07:45:00,0.0000
01/12/2023 08:00:00,0.0000
01/12/2023 08:15:00,0.0001
01/12/2023 08:30:00,0.0000
01/12/2023 08:45:00,0.0000
01/12/2023 09:00:00,0.0000
01/12/2023 09:15:00,0.0000
01/12/2023 09:30:00,0.0000
01/12/2023 09:45:00,0.0000
01/12/2023 10:00:00,0.0000
01/12/2023 10:15:00,0.0000
01/12/2023 10:30:00,0.0000
01/12/2023 10:45:00,0.0000
01/12/2023 11:00:00,0.0000
01/12/2023 11:15:00,0.0000
01/12/2023 11:30:00,0.0000
01/12/2023 11:45:00,0.0000
01/12/2023 12:00:00,0.0000
01/12/2023 12:15:00,0.0001
01/12/2023 12:30:00,0.0000
01/12/2023 12:45:00,0.0000
01/12/2023 13:00:00,0.0000
01/12/2023 13:15:00,0.0000
01/12/2023 13:30:00,0.0001
01/12/2023 13:45:00,0.0000
01/12/2023 14:00:00,0.0001
01/12/2023 14:15:00,0.0001
01/12/2023 14:30:00,0.0032
01/12/2023 14:45:00,0.0000
01/12/2023 15:00:00,0.0000
01/12/2023 15:15:00,0.0000
01/12/2023 15:30:00,0.0000
01/12/2023 15:45:00,0.0000
01/12/2023 16:00:00,0.0001
01/12/2023 16:15:00,0.0003
01/12/2023 16:30:00,0.0000
01/12/2023 16:45:00,0.0001
01/12/2023 17:00:00,0.0001
01/12/2023 17:15:00,0.0010
01/12/2023 17:30:00,0.0042
01/12/2023 17:45:00,0.0162
01/12/2023 18:00:00,0.0161
01/12/2023 18:15:00,0.0182
01/12/2023 18:30:00,0.0195
01/12/2023 18:45:00,0.0172
01/12/2023 19:00:00,0.0162
01/12/2023 19:15:00,0.0185
01/12/2023 19:30:00,0.0219
01/12/2023 19:45:00,0.0219
01/12/2023 20:00:00,0.0149
01/12/2023 20:15:00,0.0159
01/12/2023 20:30:00,0.0198
01/12/2023 20:45:00,0.0204
01/12/2023 21:00:00,0.0602
01/12/2023 21:15:00,0.0471
01/12/2023 21:30:00,0.0249
01/12/2023 21:45:00,0.0212
01/12/2023 22:00:00,0.0223
01/12/2023 22:15:00,0.0156
01/12/2023 22:30:00,0.0004
01/12/2023 22:45:00,0.0000
01/12/2023 23:00:00,0.0014
01/12/2023 23:15:00,0.0017
01/12/2023 23:30:00,0.0001
01/12/2023 23:45:00,0.0001
01/13/2023 00:00:00,0.0001
01/13/2023 00:15:00,0.0000
01/13/2023 00:30:00,0.0000
01/13/2023 00:45:00,0.0001
01/13/2023 01:00:00,0.0000
01/13/2023 01:15:00,0.0000
01/13/2023 01:30:00,0.0001
01/13/2023 01:45:00,0.0000
01/13/2023 02:00:00,0.0000
01/13/2023 02:15:00,0.0000
01/13/2023 02:30:00,0.0001
01/13/2023 02:45:00,0.0000
01/13/2023 03:00:00,0.0000
01/13/2023 03:15:00,0.0003
01/13/2023 03:30:00,0.0013
01/13/2023 03:45:00,0.0000
01/13/2023 04:00:00,0.0000
01/13/2023 04:15:00,0.0000
01/13/2023 04:30:00,0.0001
01/13/2023 04:45:00,0.0000
01/13/2023 05:00:00,0.0000
01/13/2023 05:15:00,0.0000
01/13/2023 05:30:00,0.0001
01/13/2023 05:45:00,0.0007
01/13/2023 06:00:00,0.0045
01/13/2023 06:15:00,0.0093
01/13/2023 06:30:00,0.0032
01/13/2023 06:45:00,0.0043
01/13/2023 07:00:00,0.0000
01/13/2023 07:15:00,0.0000
01/13/2023 07:30:00,0.0000
01/13/2023 07:45:00,0.0000
01/13/2023 08:00:00,0.0000
01/13/2023 08:15:00,0.0001
01/13/2023 08:30:00,0.0000
01/13/2023 08:45:00,0.0000
01/13/2023 09:00:00,0.0001
01/13/2023 09:15:00,0.0000
01/13/2023 09:30:00,0.0000
01/13/2023 09:45:00,0.0000
01/13/2023 10:00:00,0.0001
01/13/2023 10:15:00,0.0000
01/13/2023 10:30:00,0.0000
01/13/2023 10:45:00,0.0000
01/13/2023 11:00:00,0.0000
01/13/2023 11:15:00,0.0000
01/13/2023 11:30:00,0.0000
01/13/2023 11:45:00,0.0000
01/13/2023 12:00:00,0.0000
01/13/2023 12:15:00,0.0000
01/13/2023 12:30:00,0.0000
01/13/2023 12:45:00,0.0000
01/13/2023 13:00:00,0.0000
01/13/2023 13:15:00,0.0000
01/13/2023 13:30:00,0.0000
01/13/2023 13:45:00,0.0000
01/13/2023 14:00:00,0.0000
01/13/2023 14:15:00,0.0001
01/13/2023 14:30:00,0.0000
01/13/2023 14:45:00,0.0000
01/13/2023 15:00:00,0.0000
01/13/2023 15:15:00,0.0000
01/13/2023 15:30:00,0.0000
01/13/2023 15:45:00,0.0000
01/13/2023 16:00:00,0.0000
01/13/2023 16:15:00,0.0000
01/13/2023 16:30:00,0.0001
01/13/2023 16:45:00,0.0000
01/13/2023 17:00:00,0.0000
01/13/2023 17:15:00,0.0000
01/13/2023 17:30:00,0.0001
01/13/2023 17:45:00,0.0000
01/13/2023 18:00:00,0.0009
01/13/2023 18:15:00,0.0014
01/13/2023 18:30:00,0.0004
01/13/2023 18:45:00,0.0001
01/13/2023 19:00:00,0.0000
01/13/2023 19:15:00,0.0000
01/13/2023 19:30:00,0.0000
01/13/2023 19:45:00,0.0001
01/13/2023 20:00:00,0.0000
01/13/2023 20:15:00,0.0000
01/13/2023 20:30:00,0.0000
01/13/2023 20:45:00,0.0000
01/13/2023 21:00:00,0.0001
01/13/2023 21:15:00,0.0000
01/13/2023 21:30:00,0.0000
01/13/2023 21:45:00,0.0000
01/13/2023 22:00:00,0.0001
01/13/2023 22:15:00,0.0068
01/13/2023 22:30:00,0.0373
01/13/2023 22:45:00,0.0189
01/13/2023 23:00:00,0.0371
01/13/2023 23:15:00,0.0406
01/13/2023 23:30:00,0.0383
01/13/2023 23:45:00,0.0269
01/14/2023 00:00:00,0.0279
01/14/2023 00:15:00,0.0185
01/14/2023 00:30:00,0.0191
01/14/2023 00:45:00,0.0171
01/14/2023 01:00:00,0.0141
01/14/2023 01:15:00,0.0089
01/14/2023 01:30:00,0.0030
01/14/2023 01:45:00,0.0000
01/14/2023 02:00:00,0.0000
01/14/2023 02:15:00,0.0000
01/14/2023 02:30:00,0.0000
01/14/2023 02:45:00,0.0000
01/14/2023 03:00:00,0.0000
01/14/2023 03:15:00,0.0000
01/14/2023 03:30:00,0.0000
01/14/2023 03:45:00,0.0000
01/14/2023 04:00:00,0.0000
01/14/2023 04:15:00,0.0002
01/14/2023 04:30:00,0.0006
01/14/2023 04:45:00,0.0002
01/14/2023 05:00:00,0.0000
01/14/2023 05:15:00,0.0000
01/14/2023 05:30:00,0.0000
01/14/2023 05:45:00,0.0000
01/14/2023 06:00:00,0.0000
01/14/2023 06:15:00,0.0000
01/14/2023 06:30:00,0.0001
01/14/2023 06:45:00,0.0000
01/14/2023 07:00:00,0.0000
01/14/2023 07:15:00,0.0005
01/14/2023 07:30:00,0.0001
01/14/2023 07:45:00,0.0002
01/14/2023 08:00:00,0.0033
01/14/2023 08:15:00,0.0172
01/14/2023 08:30:00,0.0051
01/14/2023 08:45:00,0.0008
01/14/2023 09:00:00,0.0002
01/14/2023 09:15:00,0.0000
01/14/2023 09:30:00,0.0002
01/14/2023 09:45:00,0.0010
01/14/2023 10:00:00,0.0003
01/14/2023 10:15:00,0.0001
01/14/2023 10:30:00,0.0002
01/14/2023 10:45:00,0.0000
01/14/2023 11:00:00,0.0000
01/14/2023 11:15:00,0.0012
01/14/2023 11:30:00,0.0001
01/14/2023 11:45:00,0.0030
01/14/2023 12:00:00,0.0000
01/14/2023 12:15:00,0.0037
01/14/2023 12:30:00,0.0091
01/14/2023 12:45:00,0.0104
01/14/2023 13:00:00,0.0065
01/14/2023 13:15:00,0.0036
01/14/2023 13:30:00,0.0000
01/14/2023 13:45:00,0.0000
01/14/2023 14:00:00,0.0000
01/14/2023 14:15:00,0.0000
01/14/2023 14:30:00,0.0000
01/14/2023 14:45:00,0.0000
01/14/2023 15:00:00,0.0000
01/14/2023 15:15:00,0.0004
01/14/2023 15:30:00,0.0000
01/14/2023 15:45:00,0.0000
01/14/2023 16:00:00,0.0000
01/14/2023 16:15:00,0.0000
01/14/2023 16:30:00,0.0000
01/14/2023 16:45:00,0.0001
01/14/2023 17:00:00,0.0000
01/14/2023 17:15:00,0.0000
01/14/2023 17:30:00,0.0000
01/14/2023 17:45:00,0.0000
01/14/2023 18:00:00,0.0001
01/14/2023 18:15:00,0.0000
01/14/2023 18:30:00,0.0000
01/14/2023 18:45:00,0.0000
01/14/2023 19:00:00,0.0000
01/14/2023 19:15:00,0.0001
01/14/2023 19:30:00,0.0000
01/14/2023 19:45:00,0.0000
01/14/2023 20:00:00,0.0000
01/14/2023 20:15:00,0.0000
01/14/2023 20:30:00,0.0001
01/14/2023 20:45:00,0.0001
01/14/2023 21:00:00,0.0012
01/14/2023 21:15:00,0.0031
01/14/2023 21:30:00,0.0012
01/14/2023 21:45:00,0.0001
01/14/2023 22:00:00,0.0000
01/14/2023 22:15:00,0.0000
01/14/2023 22:30:00,0.0051
01/14/2023 22:45:00,0.0240
01/14/2023 23:00:00,0.0328
01/14/2023 23:15:00,0.0657
01/14/2023 23:30:00,0.0605
01/14/2023 23:45:00,0.0588
01/15/2023 00:00:00,0.0576
01/15/2023 00:15:00,0.0532
01/15/2023 00:30:00,0.0507
01/15/2023 00:45:00,0.0458
01/15/2023 01:00:00,0.0057
01/15/2023 01:15:00,0.0150
01/15/2023 01:30:00,0.0000
01/15/2023 01:45:00,0.0000
01/15/2023 02:00:00,0.0000
01/15/2023 02:15:00,0.0000
01/15/2023 02:30:00,0.0010
01/15/2023 02:45:00,0.0001
01/15/2023 03:00:00,0.0000
01/15/2023 03:15:00,0.0000
01/15/2023 03:30:00,0.0000
01/15/2023 03:45:00,0.0001
01/15/2023 04:00:00,0.0001
01/15/2023 04:15:00,0.0000
01/15/2023 04:30:00,0.0000
01/15/2023 04:45:00,0.0000
01/15/2023 05:00:00,0.0001
01/15/2023 05:15:00,0.0001
01/15/2023 05:30:00,0.0000
01/15/2023 05:45:00,0.0000
01/15/2023 06:00:00,0.0000
01/15/2023 06:15:00,0.0290
01/15/2023 06:30:00,0.0436
01/15/2023 06:45:00,0.0033
01/15/2023 07:00:00,0.0000
01/15/2023 07:15:00,0.0001
01/15/2023 07:30:00,0.0001
01/15/2023 07:45:00,0.0000
01/15/2023 08:00:00,0.0000
01/15/2023 08:15:00,0.0000
01/15/2023 08:30:00,0.0002
01/15/2023 08:45:00,0.0002
01/15/2023 09:00:00,0.0000
01/15/2023 09:15:00,0.0000
01/15/2023 09:30:00,0.0030
01/15/2023 09:45:00,0.0029
01/15/2023 10:00:00,0.0073
01/15/2023 10:15:00,0.0000
01/15/2023 10:30:00,0.0004
01/15/2023 10:45:00,0.0007
01/15/2023 11:00:00,0.0000
01/15/2023 11:15:00,0.0000
01/15/2023 11:30:00,0.0000
01/15/2023 11:45:00,0.0009
01/15/2023 12:00:00,0.0002
01/15/2023 12:15:00,0.0000
01/15/2023 12:30:00,0.0000
01/15/2023 12:45:00,0.0004
01/15/2023 13:00:00,0.0026
01/15/2023 13:15:00,0.0042
01/15/2023 13:30:00,0.0004
01/15/2023 13:45:00,0.0000
01/15/2023 14:00:00,0.0030
01/15/2023 14:15:00,0.0041
01/15/2023 14:30:00,0.0021
01/15/2023 14:45:00,0.0000
01/15/2023 15:00:00,0.0001
01/15/2023 15:15:00,0.0004
01/15/2023 15:30:00,0.0000
01/15/2023 15:45:00,0.0002
01/15/2023 16:00:00,0.0000
01/15/2023 16:15:00,0.0000
01/15/2023 16:30:00,0.0001
01/15/2023 16:45:00,0.0001
01/15/2023 17:00:00,0.0000
01/15/2023 17:15:00,0.0000
01/15/2023 17:30:00,0.0001
01/15/2023 17:45:00,0.0001
01/15/2023 18:00:00,0.0006
01/15/2023 18:15:00,0.0020
01/15/2023 18:30:00,0.0017
01/15/2023 18:45:00,0.0001
01/15/2023 19:00:00,0.0001
01/15/2023 19:15:00,0.0000
01/15/2023 19:30:00,0.0052
01/15/2023 19:45:00,0.0080
01/15/2023 20:00:00,0.0266
01/15/2023 20:15:00,0.0699
01/15/2023 20:30:00,0.0819
01/15/2023 20:45:00,0.0865
01/15/2023 21:00:00,0.0909
01/15/2023 21:15:00,0.0890
01/15/2023 21:30:00,0.0753
01/15/2023 21:45:00,0.0390
01/15/2023 22:00:00,0.0229
01/15/2023 22:15:00,0.0132
01/15/2023 22:30:00,0.0073
01/15/2023 22:45:00,0.0017
01/15/2023 23:00:00,0.0001
01/15/2023 23:15:00,0.0000
01/15/2023 23:30:00,0.0000
01/15/2023 23:45:00,0.0000
01/16/2023 00:00:00,0.0000
01/16/2023 00:15:00,0.0000
01/16/2023 00:30:00,0.0000
01/16/2023 00:45:00,0.0000
01/16/2023 01:00:00,0.0000
01/16/2023 01:15:00,0.0001
01/16/2023 01:30:00,0.0000
01/16/2023 01:45:00,0.0000
01/16/2023 02:00:00,0.0000
01/16/2023 02:15:00,0.0001
01/16/2023 02:30:00,0.0000
01/16/2023 02:45:00,0.0000
01/16/2023 03:00:00,0.0000
01/16/2023 03:15:00,0.0000
01/16/2023 03:30:00,0.0000
01/16/2023 03:45:00,0.0000
01/16/2023 04:00:00,0.0000
01/16/2023 04:15:00,0.0000
01/16/2023 04:30:00,0.0000
01/16/2023 04:45:00,0.0000
01/16/2023 05:00:00,0.0001
01/16/2023 05:15:00,0.0000
01/16/2023 05:30:00,0.0000
01/16/2023 05:45:00,0.0024
01/16/2023 06:00:00,0.0037
01/16/2023 06:15:00,0.0219
01/16/2023 06:30:00,0.0396
01/16/2023 06:45:00,0.0011
01/16/2023 07:00:00,0.0095
01/16/2023 07:15:00,0.0157
01/16/2023 07:30:00,0.0231
01/16/2023 07:45:00,0.0504
01/16/2023 08:00:00,0.0528
01/16/2023 08:15:00,0.0542
01/16/2023 08:30:00,0.0541
01/16/2023 08:45:00,0.0513
01/16/2023 09:00:00,0.0155
01/16/2023 09:15:00,0.0000
01/16/2023 09:30:00,0.0000
01/16/2023 09:45:00,0.0017
01/16/2023 10:00:00,0.0532
01/16/2023 10:15:00,0.0544
01/16/2023 10:30:00,0.0535
01/16/2023 10:45:00,0.0511
01/16/2023 11:00:00,0.0528
01/16/2023 11:15:00,0.0536
01/16/2023 11:30:00,0.0525
01/16/2023 11:45:00,0.0509
01/16/2023 12:00:00,0.0490
01/16/2023 12:15:00,0.0490
01/16/2023 12:30:00,0.0511
01/16/2023 12:45:00,0.0510
01/16/2023 13:00:00,0.0531
01/16/2023 13:15:00,0.0539
01/16/2023 13:30:00,0.0525
01/16/2023 13:45:00,0.0507
01/16/2023 14:00:00,0.0534
01/16/2023 14:15:00,0.0530
01/16/2023 14:30:00,0.0442
01/16/2023 14:45:00,0.0002
01/16/2023 15:00:00,0.0002
01/16/2023 15:15:00,0.0013
01/16/2023 15:30:00,0.0001
01/16/2023 15:45:00,0.0039
01/16/2023 16:00:00,0.0562
01/16/2023 16:15:00,0.0504
01/16/2023 16:30:00,0.0506
01/16/2023 16:45:00,0.0538
01/16/2023 17:00:00,0.0527
01/16/2023 17:15:00,0.0526
01/16/2023 17:30:00,0.0533
01/16/2023 17:45:00,0.0420
01/16/2023 18:00:00,0.0001
01/16/2023 18:15:00,0.0000
01/16/2023 18:30:00,0.0000
01/16/2023 18:45:00,0.0001
01/16/2023 19:00:00,0.0000
01/16/2023 19:15:00,0.0000
01/16/2023 19:30:00,0.0000
01/16/2023 19:45:00,0.0001
01/16/2023 20:00:00,0.0001
01/16/2023 20:15:00,0.0138
01/16/2023 20:30:00,0.0182
01/16/2023 20:45:00,0.0164
01/16/2023 21:00:00,0.0259
01/16/2023 21:15:00,0.0434
01/16/2023 21:30:00,0.0502
01/16/2023 21:45:00,0.0417
01/16/2023 22:00:00,0.0317
01/16/2023 22:15:00,0.0196
01/16/2023 22:30:00,0.0296
01/16/2023 22:45:00,0.0447
01/16/2023 23:00:00,0.0286
01/16/2023 23:15:00,0.0164
01/16/2023 23:30:00,0.0171
01/16/2023 23:45:00,0.0203
01/17/2023 00:00:00,0.0178
01/17/2023 00:15:00,0.0032
01/17/2023 00:30:00,0.0177
01/17/2023 00:45:00,0.0183
01/17/2023 01:00:00,0.0168
01/17/2023 01:15:00,0.0018
01/17/2023 01:30:00,0.0000
01/17/2023 01:45:00,0.0001
01/17/2023 02:00:00,0.0000
01/17/2023 02:15:00,0.0000
01/17/2023 02:30:00,0.0001
01/17/2023 02:45:00,0.0001
01/17/2023 03:00:00,0.0000
01/17/2023 03:15:00,0.0000
01/17/2023 03:30:00,0.0005
01/17/2023 03:45:00,0.0001
01/17/2023 04:00:00,0.0005
01/17/2023 04:15:00,0.0030
01/17/2023 04:30:00,0.0014
01/17/2023 04:45:00,0.0001
01/17/2023 05:00:00,0.0001
01/17/2023 05:15:00,0.0000
01/17/2023 05:30:00,0.0000
01/17/2023 05:45:00,0.0001
01/17/2023 06:00:00,0.0064
01/17/2023 06:15:00,0.0087
01/17/2023 06:30:00,0.0036
01/17/2023 06:45:00,0.0011
01/17/2023 07:00:00,0.0071
01/17/2023 07:15:00,0.0186
01/17/2023 07:30:00,0.0174
01/17/2023 07:45:00,0.0169
01/17/2023 08:00:00,0.0186
01/17/2023 08:15:00,0.0185
01/17/2023 08:30:00,0.0160
01/17/2023 08:45:00,0.0178
01/17/2023 09:00:00,0.0189
01/17/2023 09:15:00,0.0179
01/17/2023 09:30:00,0.0165
01/17/2023 09:45:00,0.0186
01/17/2023 10:00:00,0.0186
01/17/2023 10:15:00,0.0165
01/17/2023 10:30:00,0.0172
01/17/2023 10:45:00,0.0188
01/17/2023 11:00:00,0.0080
01/17/2023 11:15:00,0.0000
01/17/2023 11:30:00,0.0000
01/17/2023 11:45:00,0.0000
01/17/2023 12:00:00,0.0001
01/17/2023 12:15:00,0.0001
01/17/2023 12:30:00,0.0000
01/17/2023 12:45:00,0.0005
01/17/2023 13:00:00,0.0136
01/17/2023 13:15:00,0.0000
01/17/2023 13:30:00,0.0000
01/17/2023 13:45:00,0.0002
01/17/2023 14:00:00,0.0001
01/17/2023 14:15:00,0.0002
01/17/2023 14:30:00,0.0007
01/17/2023 14:45:00,0.0008
01/17/2023 15:00:00,0.0014
01/17/2023 15:15:00,0.0002
01/17/2023 15:30:00,0.0000
01/17/2023 15:45:00,0.0000
01/17/2023 16:00:00,0.0001
01/17/2023 16:15:00,0.0001
01/17/2023 16:30:00,0.0000
01/17/2023 16:45:00,0.0005
01/17/2023 17:00:00,0.0001
01/17/2023 17:15:00,0.0000
01/17/2023 17:30:00,0.0000
01/17/2023 17:45:00,0.0000
01/17/2023 18:00:00,0.0000
01/17/2023 18:15:00,0.0002
01/17/2023 18:30:00,0.0001
01/17/2023 18:45:00,0.0001
01/17/2023 19:00:00,0.0002
01/17/2023 19:15:00,0.0161
01/17/2023 19:30:00,0.0270
01/17/2023 19:45:00,0.0250
01/17/2023 20:00:00,0.0222
01/17/2023 20:15:00,0.0214
01/17/2023 20:30:00,0.0343
01/17/2023 20:45:00,0.0233
01/17/2023 21:00:00,0.0306
01/17/2023 21:15:00,0.0277
01/17/2023 21:30:00,0.0332
01/17/2023 21:45:00,0.0312
01/17/2023 22:00:00,0.0165
01/17/2023 22:15:00,0.0199
01/17/2023 22:30:00,0.0229
01/17/2023 22:45:00,0.0187
01/17/2023 23:00:00,0.0308
01/17/2023 23:15:00,0.0302
01/17/2023 23:30:00,0.0399
01/17/2023 23:45:00,0.0241
01/18/2023 00:00:00,0.0176
01/18/2023 00:15:00,0.0216
01/18/2023 00:30:00,0.0010
01/18/2023 00:45:00,0.0000
01/18/2023 01:00:00,0.0000
01/18/2023 01:15:00,0.0000
01/18/2023 01:30:00,0.0000
01/18/2023 01:45:00,0.0000
01/18/2023 02:00:00,0.0000
01/18/2023 02:15:00,0.0000
01/18/2023 02:30:00,0.0000
01/18/2023 02:45:00,0.0000
01/18/2023 03:00:00,0.0000
01/18/2023 03:15:00,0.0000
01/18/2023 03:30:00,0.0000
01/18/2023 03:45:00,0.0000
01/18/2023 04:00:00,0.0000
01/18/2023 04:15:00,0.0000
01/18/2023 04:30:00,0.0001
01/18/2023 04:45:00,0.0000
01/18/2023 05:00:00,0.0000
01/18/2023 05:15:00,0.0007
01/18/2023 05:30:00,0.0010
01/18/2023 05:45:00,0.0001
01/18/2023 06:00:00,0.0022
01/18/2023 06:15:00,0.0091
01/18/2023 06:30:00,0.0228
01/18/2023 06:45:00,0.0190
01/18/2023 07:00:00,0.0006
01/18/2023 07:15:00,0.0008
01/18/2023 07:30:00,0.0001
01/18/2023 07:45:00,0.0013
01/18/2023 08:00:00,0.0002
01/18/2023 08:15:00,0.0001
01/18/2023 08:30:00,0.0001
01/18/2023 08:45:00,0.0001
01/18/2023 09:00:00,0.0000
01/18/2023 09:15:00,0.0025
01/18/2023 09:30:00,0.0053
01/18/2023 09:45:00,0.0002
01/18/2023 10:00:00,0.0001
01/18/2023 10:15:00,0.0001
01/18/2023 10:30:00,0.0001
01/18/2023 10:45:00,0.0000
01/18/2023 11:00:00,0.0001
01/18/2023 11:15:00,0.0001
01/18/2023 11:30:00,0.0000
01/18/2023 11:45:00,0.0000
01/18/2023 12:00:00,0.0000
01/18/2023 12:15:00,0.0000
01/18/2023 12:30:00,0.0000
01/18/2023 12:45:00,0.0005
01/18/2023 13:00:00,0.0009
01/18/2023 13:15:00,0.0001
01/18/2023 13:30:00,0.0000
01/18/2023 13:45:00,0.0000
01/18/2023 14:00:00,0.0000
01/18/2023 14:15:00,0.0001
01/18/2023 14:30:00,0.0000
01/18/2023 14:45:00,0.0000
01/18/2023 15:00:00,0.0006
01/18/2023 15:15:00,0.0003
01/18/2023 15:30:00,0.0022
01/18/2023 15:45:00,0.0002
01/18/2023 16:00:00,0.0000
01/18/2023 16:15:00,0.0000
01/18/2023 16:30:00,0.0000
01/18/2023 16:45:00,0.0005
01/18/2023 17:00:00,0.0024
01/18/2023 17:15:00,0.0000
01/18/2023 17:30:00,0.0001
01/18/2023 17:45:00,0.0001
01/18/2023 18:00:00,0.0000
01/18/2023 18:15:00,0.0000
01/18/2023 18:30:00,0.0000
01/18/2023 18:45:00,0.0000
01/18/2023 19:00:00,0.0001
01/18/2023 19:15:00,0.0000
01/18/2023 19:30:00,0.0000
01/18/2023 19:45:00,0.0026
01/18/2023 20:00:00,0.0007
01/18/2023 20:15:00,0.0305
01/18/2023 20:30:00,0.0216
01/18/2023 20:45:00,0.0188
01/18/2023 21:00:00,0.0111
01/18/2023 21:15:00,0.0262
01/18/2023 21:30:00,0.0202
01/18/2023 21:45:00,0.0381
01/18/2023 22:00:00,0.0562
01/18/2023 22:15:00,0.0556
01/18/2023 22:30:00,0.0426
01/18/2023 22:45:00,0.0392
01/18/2023 23:00:00,0.0258
01/18/2023 23:15:00,0.0226
01/18/2023 23:30:00,0.0098
01/18/2023 23:45:00,0.0063
01/19/2023 00:00:00,0.0003
01/19/2023 00:15:00,0.0000
01/19/2023 00:30:00,0.0014
01/19/2023 00:45:00,0.0000
01/19/2023 01:00:00,0.0000
01/19/2023 01:15:00,0.0000
01/19/2023 01:30:00,0.0000
01/19/2023 01:45:00,0.0015
01/19/2023 02:00:00,0.0016
01/19/2023 02:15:00,0.0002
01/19/2023 02:30:00,0.0001
01/19/2023 02:45:00,0.0000
01/19/2023 03:00:00,0.0000
01/19/2023 03:15:00,0.0000
01/19/2023 03:30:00,0.0001
01/19/2023 03:45:00,0.0000
01/19/2023 04:00:00,0.0000
01/19/2023 04:15:00,0.0000
01/19/2023 04:30:00,0.0000
01/19/2023 04:45:00,0.0001
01/19/2023 05:00:00,0.0001
01/19/2023 05:15:00,0.0000
01/19/2023 05:30:00,0.0000
01/19/2023 05:45:00,0.0034
01/19/2023 06:00:00,0.0050
01/19/2023 06:15:00,0.0234
01/19/2023 06:30:00,0.0218
01/19/2023 06:45:00,0.0103
01/19/2023 07:00:00,0.0162
01/19/2023 07:15:00,0.0161
01/19/2023 07:30:00,0.0167
01/19/2023 07:45:00,0.0165
01/19/2023 08:00:00,0.0186
01/19/2023 08:15:00,0.0186
01/19/2023 08:30:00,0.0186
01/19/2023 08:45:00,0.0162
01/19/2023 09:00:00,0.0465
01/19/2023 09:15:00,0.0268
01/19/2023 09:30:00,0.0190
01/19/2023 09:45:00,0.0184
01/19/2023 10:00:00,0.0163
01/19/2023 10:15:00,0.0164
01/19/2023 10:30:00,0.0186
01/19/2023 10:45:00,0.0190
01/19/2023 11:00:00,0.0191
01/19/2023 11:15:00,0.0165
01/19/2023 11:30:00,0.0191
01/19/2023 11:45:00,0.0217
01/19/2023 12:00:00,0.0188
01/19/2023 12:15:00,0.0119
01/19/2023 12:30:00,0.0001
01/19/2023 12:45:00,0.0000
01/19/2023 13:00:00,0.0003
01/19/2023 13:15:00,0.0000
01/19/2023 13:30:00,0.0000
01/19/2023 13:45:00,0.0002
01/19/2023 14:00:00,0.0004
01/19/2023 14:15:00,0.0001
01/19/2023 14:30:00,0.0000
01/19/2023 14:45:00,0.0031
01/19/2023 15:00:00,0.0496
01/19/2023 15:15:00,0.0535
01/19/2023 15:30:00,0.0538
01/19/2023 15:45:00,0.0499
01/19/2023 16:00:00,0.0506
01/19/2023 16:15:00,0.0524
01/19/2023 16:30:00,0.0524
01/19/2023 16:45:00,0.0353
01/19/2023 17:00:00,0.0000
01/19/2023 17:15:00,0.0176
01/19/2023 17:30:00,0.0189
01/19/2023 17:45:00,0.0167
01/19/2023 18:00:00,0.0167
01/19/2023 18:15:00,0.0158
01/19/2023 18:30:00,0.0145
01/19/2023 18:45:00,0.0244
01/19/2023 19:00:00,0.0308
01/19/2023 19:15:00,0.0302
01/19/2023 19:30:00,0.0315
01/19/2023 19:45:00,0.0457
01/19/2023 20:00:00,0.0572
01/19/2023 20:15:00,0.0386
01/19/2023 20:30:00,0.0389
01/19/2023 20:45:00,0.0417
01/19/2023 21:00:00,0.0415
01/19/2023 21:15:00,0.0395
01/19/2023 21:30:00,0.0509
01/19/2023 21:45:00,0.0446
01/19/2023 22:00:00,0.0477
01/19/2023 22:15:00,0.0608
01/19/2023 22:30:00,0.0530
01/19/2023 22:45:00,0.0451
01/19/2023 23:00:00,0.0232
01/19/2023 23:15:00,0.0099
01/19/2023 23:30:00,0.0003
01/19/2023 23:45:00,0.0001
01/20/2023 00:00:00,0.0000
01/20/2023 00:15:00,0.0000
01/20/2023 00:30:00,0.0003
01/20/2023 00:45:00,0.0046
01/20/2023 01:00:00,0.0000
01/20/2023 01:15:00,0.0000
01/20/2023 01:30:00,0.0000
01/20/2023 01:45:00,0.0000
01/20/2023 02:00:00,0.0000
01/20/2023 02:15:00,0.0000
01/20/2023 02:30:00,0.0000
01/20/2023 02:45:00,0.0001
01/20/2023 03:00:00,0.0000
01/20/2023 03:15:00,0.0000
01/20/2023 03:30:00,0.0003
01/20/2023 03:45:00,0.0003
01/20/2023 04:00:00,0.0000
01/20/2023 04:15:00,0.0000
01/20/2023 04:30:00,0.0000
01/20/2023 04:45:00,0.0000
01/20/2023 05:00:00,0.0001
01/20/2023 05:15:00,0.0000
01/20/2023 05:30:00,0.0000
01/20/2023 05:45:00,0.0027
01/20/2023 06:00:00,0.0190
01/20/2023 06:15:00,0.0286
01/20/2023 06:30:00,0.0249
01/20/2023 06:45:00,0.0195
01/20/2023 07:00:00,0.0189
01/20/2023 07:15:00,0.0166
01/20/2023 07:30:00,0.0177
01/20/2023 07:45:00,0.0190
01/20/2023 08:00:00,0.0182
01/20/2023 08:15:00,0.0166
01/20/2023 08:30:00,0.0184
01/20/2023 08:45:00,0.0219
01/20/2023 09:00:00,0.0180
01/20/2023 09:15:00,0.0165
01/20/2023 09:30:00,0.0178
01/20/2023 09:45:00,0.0189
01/20/2023 10:00:00,0.0183
01/20/2023 10:15:00,0.0174
01/20/2023 10:30:00,0.0160
01/20/2023 10:45:00,0.0162
01/20/2023 11:00:00,0.0079
01/20/2023 11:15:00,0.0001
01/20/2023 11:30:00,0.0000
01/20/2023 11:45:00,0.0001
01/20/2023 12:00:00,0.0000
01/20/2023 12:15:00,0.0000
01/20/2023 12:30:00,0.0000
01/20/2023 12:45:00,0.0001
01/20/2023 13:00:00,0.0000
01/20/2023 13:15:00,0.0000
01/20/2023 13:30:00,0.0000
01/20/2023 13:45:00,0.0001
01/20/2023 14:00:00,0.0001
01/20/2023 14:15:00,0.0000
01/20/2023 14:30:00,0.0003
01/20/2023 14:45:00,0.0032
01/20/2023 15:00:00,0.0065
01/20/2023 15:15:00,0.0023
01/20/2023 15:30:00,0.0021
01/20/2023 15:45:00,0.0022
01/20/2023 16:00:00,0.0001
01/20/2023 16:15:00,0.0000
01/20/2023 16:30:00,0.0000
01/20/2023 16:45:00,0.0000
01/20/2023 17:00:00,0.0024
01/20/2023 17:15:00,0.0000
01/20/2023 17:30:00,0.0000
01/20/2023 17:45:00,0.0001
01/20/2023 18:00:00,0.0000
01/20/2023 18:15:00,0.0000
01/20/2023 18:30:00,0.0058
01/20/2023 18:45:00,0.0318
01/20/2023 19:00:00,0.0344
01/20/2023 19:15:00,0.0331
01/20/2023 19:30:00,0.0332
01/20/2023 19:45:00,0.0318
01/20/2023 20:00:00,0.0285
01/20/2023 20:15:00,0.0293
01/20/2023 20:30:00,0.0282
01/20/2023 20:45:00,0.0233
01/20/2023 21:00:00,0.0212
01/20/2023 21:15:00,0.0164
01/20/2023 21:30:00,0.0179
01/20/2023 21:45:00,0.0201
01/20/2023 22:00:00,0.0284
01/20/2023 22:15:00,0.0266
01/20/2023 22:30:00,0.0262
01/20/2023 22:45:00,0.0346
01/20/2023 23:00:00,0.0210
01/20/2023 23:15:00,0.0027
01/20/2023 23:30:00,0.0024
01/20/2023 23:45:00,0.0003
01/21/2023 00:00:00,0.0007
01/21/2023 00:15:00,0.0000
01/21/2023 00:30:00,0.0000
01/21/2023 00:45:00,0.0002
01/21/2023 01:00:00,0.0000
01/21/2023 01:15:00,0.0000
01/21/2023 01:30:00,0.0001
01/21/2023 01:45:00,0.0000
01/21/2023 02:00:00,0.0000
01/21/2023 02:15:00,0.0000
01/21/2023 02:30:00,0.0000
01/21/2023 02:45:00,0.0000
01/21/2023 03:00:00,0.0000
01/21/2023 03:15:00,0.0000
01/21/2023 03:30:00,0.0000
01/21/2023 03:45:00,0.0000
01/21/2023 04:00:00,0.0000
01/21/2023 04:15:00,0.0000
01/21/2023 04:30:00,0.0000
01/21/2023 04:45:00,0.0021
01/21/2023 05:00:00,0.0037
01/21/2023 05:15:00,0.0001
01/21/2023 05:30:00,0.0000
01/21/2023 05:45:00,0.0000
01/21/2023 06:00:00,0.0006
01/21/2023 06:15:00,0.0000
01/21/2023 06:30:00,0.0000
01/21/2023 06:45:00,0.0000
01/21/2023 07:00:00,0.0000
01/21/2023 07:15:00,0.0017
01/21/2023 07:30:00,0.0023
01/21/2023 07:45:00,0.0030
01/21/2023 08:00:00,0.0014
01/21/2023 08:15:00,0.0002
01/21/2023 08:30:00,0.0029
01/21/2023 08:45:00,0.0012
01/21/2023 09:00:00,0.0003
01/21/2023 09:15:00,0.0005
01/21/2023 09:30:00,0.0001
01/21/2023 09:45:00,0.0171
01/21/2023 10:00:00,0.0094
01/21/2023 10:15:00,0.0000
01/21/2023 10:30:00,0.0003
01/21/2023 10:45:00,0.0001
01/21/2023 11:00:00,0.0001
01/21/2023 11:15:00,0.0001
01/21/2023 11:30:00,0.0010
01/21/2023 11:45:00,0.0000
01/21/2023 12:00:00,0.0000
01/21/2023 12:15:00,0.0008
01/21/2023 12:30:00,0.0000
01/21/2023 12:45:00,0.0000
01/21/2023 13:00:00,0.0007
01/21/2023 13:15:00,0.0001
01/21/2023 13:30:00,0.0001
01/21/2023 13:45:00,0.0005
01/21/2023 14:00:00,0.0021
01/21/2023 14:15:00,0.0099
01/21/2023 14:30:00,0.0045
01/21/2023 14:45:00,0.0002
01/21/2023 15:00:00,0.0003
01/21/2023 15:15:00,0.0003
01/21/2023 15:30:00,0.0001
01/21/2023 15:45:00,0.0032
01/21/2023 16:00:00,0.0003
01/21/2023 16:15:00,0.0001
01/21/2023 16:30:00,0.0000
01/21/2023 16:45:00,0.0026
01/21/2023 17:00:00,0.0017
01/21/2023 17:15:00,0.0001
01/21/2023 17:30:00,0.0374
01/21/2023 17:45:00,0.0688
01/21/2023 18:00:00,0.0688
01/21/2023 18:15:00,0.0683
01/21/2023 18:30:00,0.0778
01/21/2023 18:45:00,0.0751
01/21/2023 19:00:00,0.0627
01/21/2023 19:15:00,0.0452
01/21/2023 19:30:00,0.0165
01/21/2023 19:45:00,0.0195
01/21/2023 20:00:00,0.0167
01/21/2023 20:15:00,0.0424
01/21/2023 20:30:00,0.0602
01/21/2023 20:45:00,0.0637
01/21/2023 21:00:00,0.0658
01/21/2023 21:15:00,0.0695
01/21/2023 21:30:00,0.0653
01/21/2023 21:45:00,0.0655
01/21/2023 22:00:00,0.0942
01/21/2023 22:15:00,0.0782
01/21/2023 22:30:00,0.0509
01/21/2023 22:45:00,0.0497
01/21/2023 23:00:00,0.0526
01/21/2023 23:15:00,0.0562
01/21/2023 23:30:00,0.0561
01/21/2023 23:45:00,0.0556
01/22/2023 00:00:00,0.0447
01/22/2023 00:15:00,0.0315
01/22/2023 00:30:00,0.0315
01/22/2023 00:45:00,0.0316
01/22/2023 01:00:00,0.0319
01/22/2023 01:15:00,0.0323
01/22/2023 01:30:00,0.0340
01/22/2023 01:45:00,0.0324
01/22/2023 02:00:00,0.0236
01/22/2023 02:15:00,0.0092
01/22/2023 02:30:00,0.0092
01/22/2023 02:45:00,0.0066
01/22/2023 03:00:00,0.0067
01/22/2023 03:15:00,0.0103
01/22/2023 03:30:00,0.0092
01/22/2023 03:45:00,0.0089
01/22/2023 04:00:00,0.0093
01/22/2023 04:15:00,0.0096
01/22/2023 04:30:00,0.0094
01/22/2023 04:45:00,0.0094
01/22/2023 05:00:00,0.0089
01/22/2023 05:15:00,0.0099
01/22/2023 05:30:00,0.0116
01/22/2023 05:45:00,0.0093
01/22/2023 06:00:00,0.0087
01/22/2023 06:15:00,0.0086
01/22/2023 06:30:00,0.0086
01/22/2023 06:45:00,0.0111
01/22/2023 07:00:00,0.0097
01/22/2023 07:15:00,0.0086
01/22/2023 07:30:00,0.0090
01/22/2023 07:45:00,0.0097
01/22/2023 08:00:00,0.0106
01/22/2023 08:15:00,0.0083
01/22/2023 08:30:00,0.0078
01/22/2023 08:45:00,0.0079
01/22/2023 09:00:00,0.0079
01/22/2023 09:15:00,0.0098
01/22/2023 09:30:00,0.0086
01/22/2023 09:45:00,0.0080
01/22/2023 10:00:00,0.0084
01/22/2023 10:15:00,0.0081
01/22/2023 10:30:00,0.0105
01/22/2023 10:45:00,0.0103
01/22/2023 11:00:00,0.0065
01/22/2023 11:15:00,0.0085
01/22/2023 11:30:00,0.0089
01/22/2023 11:45:00,0.0089
01/22/2023 12:00:00,0.0091
01/22/2023 12:15:00,0.0089
01/22/2023 12:30:00,0.0088
01/22/2023 12:45:00,0.0092
01/22/2023 13:00:00,0.0084
01/22/2023 13:15:00,0.0086
01/22/2023 13:30:00,0.0086
01/22/2023 13:45:00,0.0104
01/22/2023 14:00:00,0.0080
01/22/2023 14:15:00,0.0085
01/22/2023 14:30:00,0.0084
01/22/2023 14:45:00,0.0083
01/22/2023 15:00:00,0.0082
01/22/2023 15:15:00,0.0093
01/22/2023 15:30:00,0.0105
01/22/2023 15:45:00,0.0084
01/22/2023 16:00:00,0.0083
01/22/2023 16:15:00,0.0082
01/22/2023 16:30:00,0.0084
01/22/2023 16:45:00,0.0053
01/22/2023 17:00:00,0.0060
01/22/2023 17:15:00,0.0080
01/22/2023 17:30:00,0.0136
01/22/2023 17:45:00,0.0276
01/22/2023 18:00:00,0.0193
01/22/2023 18:15:00,0.0105
01/22/2023 18:30:00,0.0467
01/22/2023 18:45:00,0.0418
01/22/2023 19:00:00,0.0374
01/22/2023 19:15:00,0.0496
01/22/2023 19:30:00,0.0522
01/22/2023 19:45:00,0.0482
01/22/2023 20:00:00,0.0380
01/22/2023 20:15:00,0.0309
01/22/2023 20:30:00,0.0326
01/22/2023 20:45:00,0.0291
01/22/2023 21:00:00,0.0185
01/22/2023 21:15:00,0.0359
01/22/2023 21:30:00,0.0382
01/22/2023 21:45:00,0.0462
01/22/2023 22:00:00,0.0419
01/22/2023 22:15:00,0.0563
01/22/2023 22:30:00,0.0179
01/22/2023 22:45:00,0.0000
01/22/2023 23:00:00,0.0000
01/22/2023 23:15:00,0.0001
01/22/2023 23:30:00,0.0152
01/22/2023 23:45:00,0.0118
01/23/2023 00:00:00,0.0000
01/23/2023 00:15:00,0.0000
01/23/2023 00:30:00,0.0000
01/23/2023 00:45:00,0.0000
01/23/2023 01:00:00,0.0000
01/23/2023 01:15:00,0.0000
01/23/2023 01:30:00,0.0000
01/23/2023 01:45:00,0.0000
01/23/2023 02:00:00,0.0002
01/23/2023 02:15:00,0.0000
01/23/2023 02:30:00,0.0000
01/23/2023 02:45:00,0.0000
01/23/2023 03:00:00,0.0005
01/23/2023 03:15:00,0.0000
01/23/2023 03:30:00,0.0000
01/23/2023 03:45:00,0.0000
01/23/2023 04:00:00,0.0000
01/23/2023 04:15:00,0.0000
01/23/2023 04:30:00,0.0000
01/23/2023 04:45:00,0.0000
01/23/2023 05:00:00,0.0000
01/23/2023 05:15:00,0.0000
01/23/2023 05:30:00,0.0002
01/23/2023 05:45:00,0.0024
01/23/2023 06:00:00,0.0030
01/23/2023 06:15:00,0.0056
01/23/2023 06:30:00,0.0037
01/23/2023 06:45:00,0.0012
01/23/2023 07:00:00,0.0068
01/23/2023 07:15:00,0.0017
01/23/2023 07:30:00,0.0041
01/23/2023 07:45:00,0.0038
01/23/2023 08:00:00,0.0219
01/23/2023 08:15:00,0.0218
01/23/2023 08:30:00,0.0218
01/23/2023 08:45:00,0.0220
01/23/2023 09:00:00,0.0023
01/23/2023 09:15:00,0.0000
01/23/2023 09:30:00,0.0000
01/23/2023 09:45:00,0.0000
01/23/2023 10:00:00,0.0000
01/23/2023 10:15:00,0.0000
01/23/2023 10:30:00,0.0001
01/23/2023 10:45:00,0.0000
01/23/2023 11:00:00,0.0000
01/23/2023 11:15:00,0.0000
01/23/2023 11:30:00,0.0000
01/23/2023 11:45:00,0.0003
01/23/2023 12:00:00,0.0001
01/23/2023 12:15:00,0.0002
01/23/2023 12:30:00,0.0000
01/23/2023 12:45:00,0.0000
01/23/2023 13:00:00,0.0000
01/23/2023 13:15:00,0.0000
01/23/2023 13:30:00,0.0000
01/23/2023 13:45:00,0.0002
01/23/2023 14:00:00,0.0002
01/23/2023 14:15:00,0.0004
01/23/2023 14:30:00,0.0003
01/23/2023 14:45:00,0.0012
01/23/2023 15:00:00,0.0016
01/23/2023 15:15:00,0.0383
01/23/2023 15:30:00,0.0403
01/23/2023 15:45:00,0.0414
01/23/2023 16:00:00,0.0475
01/23/2023 16:15:00,0.0497
01/23/2023 16:30:00,0.0287
01/23/2023 16:45:00,0.0222
01/23/2023 17:00:00,0.0520
01/23/2023 17:15:00,0.0495
01/23/2023 17:30:00,0.0388
01/23/2023 17:45:00,0.0323
01/23/2023 18:00:00,0.0000
01/23/2023 18:15:00,0.0001
01/23/2023 18:30:00,0.0000
01/23/2023 18:45:00,0.0000
01/23/2023 19:00:00,0.0000
01/23/2023 19:15:00,0.0000
01/23/2023 19:30:00,0.0001
01/23/2023 19:45:00,0.0001
01/23/2023 20:00:00,0.0000
01/23/2023 20:15:00,0.0255
01/23/2023 20:30:00,0.0389
01/23/2023 20:45:00,0.0395
01/23/2023 21:00:00,0.0344
01/23/2023 21:15:00,0.0279
01/23/2023 21:30:00,0.0342
01/23/2023 21:45:00,0.0453
01/23/2023 22:00:00,0.0730
01/23/2023 22:15:00,0.0801
01/23/2023 22:30:00,0.0721
01/23/2023 22:45:00,0.0421
01/23/2023 23:00:00,0.0313
01/23/2023 23:15:00,0.0286
01/23/2023 23:30:00,0.0277
01/23/2023 23:45:00,0.0200
01/24/2023 00:00:00,0.0137
01/24/2023 00:15:00,0.0008
01/24/2023 00:30:00,0.0002
01/24/2023 00:45:00,0.0001
01/24/2023 01:00:00,0.0000
01/24/2023 01:15:00,0.0001
01/24/2023 01:30:00,0.0001
01/24/2023 01:45:00,0.0000
01/24/2023 02:00:00,0.0000
01/24/2023 02:15:00,0.0006
01/24/2023 02:30:00,0.0000
01/24/2023 02:45:00,0.0000
01/24/2023 03:00:00,0.0000
01/24/2023 03:15:00,0.0000
01/24/2023 03:30:00,0.0001
01/24/2023 03:45:00,0.0000
01/24/2023 04:00:00,0.0000
01/24/2023 04:15:00,0.0001
01/24/2023 04:30:00,0.0000
01/24/2023 04:45:00,0.0000
01/24/2023 05:00:00,0.0000
01/24/2023 05:15:00,0.0001
01/24/2023 05:30:00,0.0000
01/24/2023 05:45:00,0.0023
01/24/2023 06:00:00,0.0029
01/24/2023 06:15:00,0.0070
01/24/2023 06:30:00,0.0040
01/24/2023 06:45:00,0.0006
01/24/2023 07:00:00,0.0044
01/24/2023 07:15:00,0.0034
01/24/2023 07:30:00,0.0003
01/24/2023 07:45:00,0.0004
01/24/2023 08:00:00,0.0002
01/24/2023 08:15:00,0.0002
01/24/2023 08:30:00,0.0001
01/24/2023 08:45:00,0.0000
01/24/2023 09:00:00,0.0000
01/24/2023 09:15:00,0.0000
01/24/2023 09:30:00,0.0001
01/24/2023 09:45:00,0.0000
01/24/2023 10:00:00,0.0000
01/24/2023 10:15:00,0.0000
01/24/2023 10:30:00,0.0001
01/24/2023 10:45:00,0.0000
01/24/2023 11:00:00,0.0005
01/24/2023 11:15:00,0.0000
01/24/2023 11:30:00,0.0001
01/24/2023 11:45:00,0.0000
01/24/2023 12:00:00,0.0000
01/24/2023 12:15:00,0.0000
01/24/2023 12:30:00,0.0001
01/24/2023 12:45:00,0.0002
01/24/2023 13:00:00,0.0000
01/24/2023 13:15:00,0.0000
01/24/2023 13:30:00,0.0000
01/24/2023 13:45:00,0.0001
01/24/2023 14:00:00,0.0074
01/24/2023 14:15:00,0.0063
01/24/2023 14:30:00,0.0008
01/24/2023 14:45:00,0.0001
01/24/2023 15:00:00,0.0002
01/24/2023 15:15:00,0.0002
01/24/2023 15:30:00,0.0002
01/24/2023 15:45:00,0.0000
01/24/2023 16:00:00,0.0001
01/24/2023 16:15:00,0.0000
01/24/2023 16:30:00,0.0000
01/24/2023 16:45:00,0.0000
01/24/2023 17:00:00,0.0017
01/24/2023 17:15:00,0.0000
01/24/2023 17:30:00,0.0001
01/24/2023 17:45:00,0.0000
01/24/2023 18:00:00,0.0000
01/24/2023 18:15:00,0.0000
01/24/2023 18:30:00,0.0000
01/24/2023 18:45:00,0.0000
01/24/2023 19:00:00,0.0000
01/24/2023 19:15:00,0.0000
01/24/2023 19:30:00,0.0001
01/24/2023 19:45:00,0.0000
01/24/2023 20:00:00,0.0292
01/24/2023 20:15:00,0.0471
01/24/2023 20:30:00,0.0392
01/24/2023 20:45:00,0.0298
01/24/2023 21:00:00,0.0195
01/24/2023 21:15:00,0.0137
01/24/2023 21:30:00,0.0227
01/24/2023 21:45:00,0.0276
01/24/2023 22:00:00,0.0304
01/24/2023 22:15:00,0.0380
01/24/2023 22:30:00,0.0450
01/24/2023 22:45:00,0.0402
01/24/2023 23:00:00,0.0297
01/24/2023 23:15:00,0.0280
01/24/2023 23:30:00,0.0255
01/24/2023 23:45:00,0.0205
01/25/2023 00:00:00,0.0155
01/25/2023 00:15:00,0.0138
01/25/2023 00:30:00,0.0076
01/25/2023 00:45:00,0.0073
01/25/2023 01:00:00,0.0060
01/25/2023 01:15:00,0.0084
01/25/2023 01:30:00,0.0017
01/25/2023 01:45:00,0.0000
01/25/2023 02:00:00,0.0000
01/25/2023 02:15:00,0.0000
01/25/2023 02:30:00,0.0000
01/25/2023 02:45:00,0.0000
01/25/2023 03:00:00,0.0000
01/25/2023 03:15:00,0.0000
01/25/2023 03:30:00,0.0000
01/25/2023 03:45:00,0.0000
01/25/2023 04:00:00,0.0000
01/25/2023 04:15:00,0.0001
01/25/2023 04:30:00,0.0000
01/25/2023 04:45:00,0.0000
01/25/2023 05:00:00,0.0001
01/25/2023 05:15:00,0.0000
01/25/2023 05:30:00,0.0000
01/25/2023 05:45:00,0.0028
01/25/2023 06:00:00,0.0040
01/25/2023 06:15:00,0.0028
01/25/2023 06:30:00,0.0023
01/25/2023 06:45:00,0.0000
01/25/2023 07:00:00,0.0013
01/25/2023 07:15:00,0.0001
01/25/2023 07:30:00,0.0002
01/25/2023 07:45:00,0.0000
01/25/2023 08:00:00,0.0012
01/25/2023 08:15:00,0.0004
01/25/2023 08:30:00,0.0000
01/25/2023 08:45:00,0.0000
01/25/2023 09:00:00,0.0001
01/25/2023 09:15:00,0.0001
01/25/2023 09:30:00,0.0000
01/25/2023 09:45:00,0.0000
01/25/2023 10:00:00,0.0001
01/25/2023 10:15:00,0.0000
01/25/2023 10:30:00,0.0000
01/25/2023 10:45:00,0.0000
01/25/2023 11:00:00,0.0001
01/25/2023 11:15:00,0.0006
01/25/2023 11:30:00,0.0000
01/25/2023 11:45:00,0.0024
01/25/2023 12:00:00,0.0001
01/25/2023 12:15:00,0.0000
01/25/2023 12:30:00,0.0000
01/25/2023 12:45:00,0.0001
01/25/2023 13:00:00,0.0003
01/25/2023 13:15:00,0.0013
01/25/2023 13:30:00,0.0032
01/25/2023 13:45:00,0.0023
01/25/2023 14:00:00,0.0011
01/25/2023 14:15:00,0.0001
01/25/2023 14:30:00,0.0000
01/25/2023 14:45:00,0.0000
01/25/2023 15:00:00,0.0003
01/25/2023 15:15:00,0.0002
01/25/2023 15:30:00,0.0002
01/25/2023 15:45:00,0.0106
01/25/2023 16:00:00,0.0444
01/25/2023 16:15:00,0.0274
01/25/2023 16:30:00,0.0159
01/25/2023 16:45:00,0.0206
01/25/2023 17:00:00,0.0157
01/25/2023 17:15:00,0.0002
01/25/2023 17:30:00,0.0002
01/25/2023 17:45:00,0.0001
01/25/2023 18:00:00,0.0000
01/25/2023 18:15:00,0.0001
01/25/2023 18:30:00,0.0000
01/25/2023 18:45:00,0.0000
01/25/2023 19:00:00,0.0001
01/25/2023 19:15:00,0.0000
01/25/2023 19:30:00,0.0000
01/25/2023 19:45:00,0.0000
01/25/2023 20:00:00,0.0346
01/25/2023 20:15:00,0.0384
01/25/2023 20:30:00,0.0399
01/25/2023 20:45:00,0.0381
01/25/2023 21:00:00,0.0452
01/25/2023 21:15:00,0.0917
01/25/2023 21:30:00,0.0286
01/25/2023 21:45:00,0.0283
01/25/2023 22:00:00,0.0224
01/25/2023 22:15:00,0.0239
01/25/2023 22:30:00,0.0299
01/25/2023 22:45:00,0.0282
01/25/2023 23:00:00,0.0312
01/25/2023 23:15:00,0.0338
01/25/2023 23:30:00,0.0270
01/25/2023 23:45:00,0.0161
01/26/2023 00:00:00,0.0000
01/26/2023 00:15:00,0.0000
01/26/2023 00:30:00,0.0000
01/26/2023 00:45:00,0.0000
01/26/2023 01:00:00,0.0000
01/26/2023 01:15:00,0.0000
01/26/2023 01:30:00,0.0000
01/26/2023 01:45:00,0.0000
01/26/2023 02:00:00,0.0000
01/26/2023 02:15:00,0.0008
01/26/2023 02:30:00,0.0000
01/26/2023 02:45:00,0.0009
01/26/2023 03:00:00,0.0009
01/26/2023 03:15:00,0.0000
01/26/2023 03:30:00,0.0000
01/26/2023 03:45:00,0.0000
01/26/2023 04:00:00,0.0028
01/26/2023 04:15:00,0.0053
01/26/2023 04:30:00,0.0001
01/26/2023 04:45:00,0.0001
01/26/2023 05:00:00,0.0000
01/26/2023 05:15:00,0.0000
01/26/2023 05:30:00,0.0000
01/26/2023 05:45:00,0.0000
01/26/2023 06:00:00,0.0071
01/26/2023 06:15:00,0.0098
01/26/2023 06:30:00,0.0100
01/26/2023 06:45:00,0.0192
01/26/2023 07:00:00,0.0217
01/26/2023 07:15:00,0.0233
01/26/2023 07:30:00,0.0266
01/26/2023 07:45:00,0.0161
01/26/2023 08:00:00,0.0166
01/26/2023 08:15:00,0.0185
01/26/2023 08:30:00,0.0188
01/26/2023 08:45:00,0.0025
01/26/2023 09:00:00,0.0001
01/26/2023 09:15:00,0.0000
01/26/2023 09:30:00,0.0000
01/26/2023 09:45:00,0.0000
01/26/2023 10:00:00,0.0001
01/26/2023 10:15:00,0.0000
01/26/2023 10:30:00,0.0000
01/26/2023 10:45:00,0.0000
01/26/2023 11:00:00,0.0002
01/26/2023 11:15:00,0.0006
01/26/2023 11:30:00,0.0006
01/26/2023 11:45:00,0.0000
01/26/2023 12:00:00,0.0000
01/26/2023 12:15:00,0.0002
01/26/2023 12:30:00,0.0001
01/26/2023 12:45:00,0.0000
01/26/2023 13:00:00,0.0000
01/26/2023 13:15:00,0.0000
01/26/2023 13:30:00,0.0000
01/26/2023 13:45:00,0.0001
01/26/2023 14:00:00,0.0000
01/26/2023 14:15:00,0.0000
01/26/2023 14:30:00,0.0000
01/26/2023 14:45:00,0.0000
01/26/2023 15:00:00,0.0007
01/26/2023 15:15:00,0.0000
01/26/2023 15:30:00,0.0000
01/26/2023 15:45:00,0.0000
01/26/2023 16:00:00,0.0003
01/26/2023 16:15:00,0.0024
01/26/2023 16:30:00,0.0032
01/26/2023 16:45:00,0.0000
01/26/2023 17:00:00,0.0000
01/26/2023 17:15:00,0.0000
01/26/2023 17:30:00,0.0000
01/26/2023 17:45:00,0.0000
01/26/2023 18:00:00,0.0000
01/26/2023 18:15:00,0.0003
01/26/2023 18:30:00,0.0001
01/26/2023 18:45:00,0.0000
01/26/2023 19:00:00,0.0000
01/26/2023 19:15:00,0.0002
01/26/2023 19:30:00,0.0001
01/26/2023 19:45:00,0.0047
01/26/2023 20:00:00,0.0041
01/26/2023 20:15:00,0.0011
01/26/2023 20:30:00,0.0002
01/26/2023 20:45:00,0.0002
01/26/2023 21:00:00,0.0128
01/26/2023 21:15:00,0.0250
01/26/2023 21:30:00,0.0287
01/26/2023 21:45:00,0.0282
01/26/2023 22:00:00,0.0337
01/26/2023 22:15:00,0.0319
01/26/2023 22:30:00,0.0337
01/26/2023 22:45:00,0.0278
01/26/2023 23:00:00,0.0241
01/26/2023 23:15:00,0.0187
01/26/2023 23:30:00,0.0027
01/26/2023 23:45:00,0.0000
01/27/2023 00:00:00,0.0000
01/27/2023 00:15:00,0.0001
01/27/2023 00:30:00,0.0000
01/27/2023 00:45:00,0.0000
01/27/2023 01:00:00,0.0000
01/27/2023 01:15:00,0.0001
01/27/2023 01:30:00,0.0000
01/27/2023 01:45:00,0.0000
01/27/2023 02:00:00,0.0000
01/27/2023 02:15:00,0.0000
01/27/2023 02:30:00,0.0001
01/27/2023 02:45:00,0.0000
01/27/2023 03:00:00,0.0000
01/27/2023 03:15:00,0.0000
01/27/2023 03:30:00,0.0001
01/27/2023 03:45:00,0.0001
01/27/2023 04:00:00,0.0000
01/27/2023 04:15:00,0.0000
01/27/2023 04:30:00,0.0000
01/27/2023 04:45:00,0.0001
01/27/2023 05:00:00,0.0000
01/27/2023 05:15:00,0.0000
01/27/2023 05:30:00,0.0011
01/27/2023 05:45:00,0.0000
01/27/2023 06:00:00,0.0001
01/27/2023 06:15:00,0.0148
01/27/2023 06:30:00,0.0333
01/27/2023 06:45:00,0.0117
01/27/2023 07:00:00,0.0025
01/27/2023 07:15:00,0.0000
01/27/2023 07:30:00,0.0000
01/27/2023 07:45:00,0.0000
01/27/2023 08:00:00,0.0001
01/27/2023 08:15:00,0.0000
01/27/2023 08:30:00,0.0009
01/27/2023 08:45:00,0.0000
01/27/2023 09:00:00,0.0002
01/27/2023 09:15:00,0.0001
01/27/2023 09:30:00,0.0000
01/27/2023 09:45:00,0.0000
01/27/2023 10:00:00,0.0000
01/27/2023 10:15:00,0.0002
01/27/2023 10:30:00,0.0001
01/27/2023 10:45:00,0.0003
01/27/2023 11:00:00,0.0001
01/27/2023 11:15:00,0.0002
01/27/2023 11:30:00,0.0005
01/27/2023 11:45:00,0.0000
01/27/2023 12:00:00,0.0001
01/27/2023 12:15:00,0.0267
01/27/2023 12:30:00,0.0472
01/27/2023 12:45:00,0.0464
01/27/2023 13:00:00,0.0480
01/27/2023 13:15:00,0.0511
01/27/2023 13:30:00,0.0552
01/27/2023 13:45:00,0.0515
01/27/2023 14:00:00,0.0575
01/27/2023 14:15:00,0.0570
01/27/2023 14:30:00,0.0258
01/27/2023 14:45:00,0.0000
01/27/2023 15:00:00,0.0000
01/27/2023 15:15:00,0.0063
01/27/2023 15:30:00,0.0011
01/27/2023 15:45:00,0.0002
01/27/2023 16:00:00,0.0000
01/27/2023 16:15:00,0.0000
01/27/2023 16:30:00,0.0000
01/27/2023 16:45:00,0.0001
01/27/2023 17:00:00,0.0001
01/27/2023 17:15:00,0.0000
01/27/2023 17:30:00,0.0000
01/27/2023 17:45:00,0.0000
01/27/2023 18:00:00,0.0001
01/27/2023 18:15:00,0.0074
01/27/2023 18:30:00,0.0028
01/27/2023 18:45:00,0.0035
01/27/2023 19:00:00,0.0017
01/27/2023 19:15:00,0.0001
01/27/2023 19:30:00,0.0025
01/27/2023 19:45:00,0.0033
01/27/2023 20:00:00,0.0130
01/27/2023 20:15:00,0.0169
01/27/2023 20:30:00,0.0347
01/27/2023 20:45:00,0.0340
01/27/2023 21:00:00,0.0325
01/27/2023 21:15:00,0.0579
01/27/2023 21:30:00,0.0467
01/27/2023 21:45:00,0.0266
01/27/2023 22:00:00,0.0299
01/27/2023 22:15:00,0.0373
01/27/2023 22:30:00,0.0461
01/27/2023 22:45:00,0.0252
01/27/2023 23:00:00,0.0206
01/27/2023 23:15:00,0.0150
01/27/2023 23:30:00,0.0114
01/27/2023 23:45:00,0.0082
01/28/2023 00:00:00,0.0064
01/28/2023 00:15:00,0.0097
01/28/2023 00:30:00,0.0013
01/28/2023 00:45:00,0.0017
01/28/2023 01:00:00,0.0001
01/28/2023 01:15:00,0.0000
01/28/2023 01:30:00,0.0000
01/28/2023 01:45:00,0.0000
01/28/2023 02:00:00,0.0000
01/28/2023 02:15:00,0.0000
01/28/2023 02:30:00,0.0001
01/28/2023 02:45:00,0.0002
01/28/2023 03:00:00,0.0000
01/28/2023 03:15:00,0.0000
01/28/2023 03:30:00,0.0000
01/28/2023 03:45:00,0.0000
01/28/2023 04:00:00,0.0000
01/28/2023 04:15:00,0.0000
01/28/2023 04:30:00,0.0000
01/28/2023 04:45:00,0.0000
01/28/2023 05:00:00,0.0000
01/28/2023 05:15:00,0.0000
01/28/2023 05:30:00,0.0000
01/28/2023 05:45:00,0.0009
01/28/2023 06:00:00,0.0012
01/28/2023 06:15:00,0.0001
01/28/2023 06:30:00,0.0000
01/28/2023 06:45:00,0.0000
01/28/2023 07:00:00,0.0014
01/28/2023 07:15:00,0.0021
01/28/2023 07:30:00,0.0009
01/28/2023 07:45:00,0.0005
01/28/2023 08:00:00,0.0005
01/28/2023 08:15:00,0.0013
01/28/2023 08:30:00,0.0114
01/28/2023 08:45:00,0.0230
01/28/2023 09:00:00,0.0138
01/28/2023 09:15:00,0.0000
01/28/2023 09:30:00,0.0001
01/28/2023 09:45:00,0.0004
01/28/2023 10:00:00,0.0003
01/28/2023 10:15:00,0.0002
01/28/2023 10:30:00,0.0001
01/28/2023 10:45:00,0.0000
01/28/2023 11:00:00,0.0000
01/28/2023 11:15:00,0.0001
01/28/2023 11:30:00,0.0000
01/28/2023 11:45:00,0.0000
01/28/2023 12:00:00,0.0026
01/28/2023 12:15:00,0.0001
01/28/2023 12:30:00,0.0001
01/28/2023 12:45:00,0.0000
01/28/2023 13:00:00,0.0000
01/28/2023 13:15:00,0.0000
01/28/2023 13:30:00,0.0004
01/28/2023 13:45:00,0.0000
01/28/2023 14:00:00,0.0057
01/28/2023 14:15:00,0.0101
01/28/2023 14:30:00,0.0138
01/28/2023 14:45:00,0.0004
01/28/2023 15:00:00,0.0028
01/28/2023 15:15:00,0.0000
01/28/2023 15:30:00,0.0002
01/28/2023 15:45:00,0.0002
01/28/2023 16:00:00,0.0018
01/28/2023 16:15:00,0.0001
01/28/2023 16:30:00,0.0003
01/28/2023 16:45:00,0.0002
01/28/2023 17:00:00,0.0020
01/28/2023 17:15:00,0.0007
01/28/2023 17:30:00,0.0001
01/28/2023 17:45:00,0.0001
01/28/2023 18:00:00,0.0000
01/28/2023 18:15:00,0.0192
01/28/2023 18:30:00,0.0240
01/28/2023 18:45:00,0.0303
01/28/2023 19:00:00,0.0370
01/28/2023 19:15:00,0.0385
01/28/2023 19:30:00,0.0375
01/28/2023 19:45:00,0.0361
01/28/2023 20:00:00,0.0636
01/28/2023 20:15:00,0.0391
01/28/2023 20:30:00,0.0387
01/28/2023 20:45:00,0.0583
01/28/2023 21:00:00,0.0218
01/28/2023 21:15:00,0.0112
01/28/2023 21:30:00,0.0108
01/28/2023 21:45:00,0.0151
01/28/2023 22:00:00,0.0171
01/28/2023 22:15:00,0.0166
01/28/2023 22:30:00,0.0117
01/28/2023 22:45:00,0.0111
01/28/2023 23:00:00,0.0186
01/28/2023 23:15:00,0.0224
01/28/2023 23:30:00,0.0182
01/28/2023 23:45:00,0.0190
01/29/2023 00:00:00,0.0169
01/29/2023 00:15:00,0.0132
01/29/2023 00:30:00,0.0113
01/29/2023 00:45:00,0.0124
01/29/2023 01:00:00,0.0093
01/29/2023 01:15:00,0.0054
01/29/2023 01:30:00,0.0009
01/29/2023 01:45:00,0.0014
01/29/2023 02:00:00,0.0052
01/29/2023 02:15:00,0.0052
01/29/2023 02:30:00,0.0026
01/29/2023 02:45:00,0.0005
01/29/2023 03:00:00,0.0043
01/29/2023 03:15:00,0.0015
01/29/2023 03:30:00,0.0000
01/29/2023 03:45:00,0.0000
01/29/2023 04:00:00,0.0000
01/29/2023 04:15:00,0.0000
01/29/2023 04:30:00,0.0021
01/29/2023 04:45:00,0.0020
01/29/2023 05:00:00,0.0000
01/29/2023 05:15:00,0.0000
01/29/2023 05:30:00,0.0000
01/29/2023 05:45:00,0.0000
01/29/2023 06:00:00,0.0110
01/29/2023 06:15:00,0.0416
01/29/2023 06:30:00,0.0291
01/29/2023 06:45:00,0.0000
01/29/2023 07:00:00,0.0000
01/29/2023 07:15:00,0.0000
01/29/2023 07:30:00,0.0000
01/29/2023 07:45:00,0.0000
01/29/2023 08:00:00,0.0000
01/29/2023 08:15:00,0.0000
01/29/2023 08:30:00,0.0001
01/29/2023 08:45:00,0.0000
01/29/2023 09:00:00,0.0000
01/29/2023 09:15:00,0.0005
01/29/2023 09:30:00,0.0001
01/29/2023 09:45:00,0.0000
01/29/2023 10:00:00,0.0000
01/29/2023 10:15:00,0.0014
01/29/2023 10:30:00,0.0000
01/29/2023 10:45:00,0.0002
01/29/2023 11:00:00,0.0017
01/29/2023 11:15:00,0.0006
01/29/2023 11:30:00,0.0000
01/29/2023 11:45:00,0.0000
01/29/2023 12:00:00,0.0000
01/29/2023 12:15:00,0.0000
01/29/2023 12:30:00,0.0002
01/29/2023 12:45:00,0.0001
01/29/2023 13:00:00,0.0000
01/29/2023 13:15:00,0.0007
01/29/2023 13:30:00,0.0002
01/29/2023 13:45:00,0.0002
01/29/2023 14:00:00,0.0001
01/29/2023 14:15:00,0.0012
01/29/2023 14:30:00,0.0015
01/29/2023 14:45:00,0.0005
01/29/2023 15:00:00,0.0004
01/29/2023 15:15:00,0.0004
01/29/2023 15:30:00,0.0002
01/29/2023 15:45:00,0.0007
01/29/2023 16:00:00,0.0002
01/29/2023 16:15:00,0.0001
01/29/2023 16:30:00,0.0000
01/29/2023 16:45:00,0.0000
01/29/2023 17:00:00,0.0000
01/29/2023 17:15:00,0.0001
01/29/2023 17:30:00,0.0004
01/29/2023 17:45:00,0.0001
01/29/2023 18:00:00,0.0000
01/29/2023 18:15:00,0.0030
01/29/2023 18:30:00,0.0079
01/29/2023 18:45:00,0.0161
01/29/2023 19:00:00,0.0274
01/29/2023 19:15:00,0.0174
01/29/2023 19:30:00,0.0160
01/29/2023 19:45:00,0.0164
01/29/2023 20:00:00,0.0167
01/29/2023 20:15:00,0.0208
01/29/2023 20:30:00,0.0385
01/29/2023 20:45:00,0.0507
01/29/2023 21:00:00,0.0424
01/29/2023 21:15:00,0.0490
01/29/2023 21:30:00,0.0388
01/29/2023 21:45:00,0.0284
01/29/2023 22:00:00,0.0304
01/29/2023 22:15:00,0.0329
01/29/2023 22:30:00,0.0664
01/29/2023 22:45:00,0.0825
01/29/2023 23:00:00,0.0314
01/29/2023 23:15:00,0.0184
01/29/2023 23:30:00,0.0152
01/29/2023 23:45:00,0.0143
01/30/2023 00:00:00,0.0029
01/30/2023 00:15:00,0.0003
01/30/2023 00:30:00,0.0007
01/30/2023 00:45:00,0.0052
01/30/2023 01:00:00,0.0005
01/30/2023 01:15:00,0.0016
01/30/2023 01:30:00,0.0048
01/30/2023 01:45:00,0.0031
01/30/2023 02:00:00,0.0004
01/30/2023 02:15:00,0.0006
01/30/2023 02:30:00,0.0014
01/30/2023 02:45:00,0.0014
01/30/2023 03:00:00,0.0001
01/30/2023 03:15:00,0.0000
01/30/2023 03:30:00,0.0000
01/30/2023 03:45:00,0.0000
01/30/2023 04:00:00,0.0006
01/30/2023 04:15:00,0.0002
01/30/2023 04:30:00,0.0001
01/30/2023 04:45:00,0.0000
01/30/2023 05:00:00,0.0000
01/30/2023 05:15:00,0.0003
01/30/2023 05:30:00,0.0000
01/30/2023 05:45:00,0.0040
01/30/2023 06:00:00,0.0112
01/30/2023 06:15:00,0.0119
01/30/2023 06:30:00,0.0047
01/30/2023 06:45:00,0.0005
01/30/2023 07:00:00,0.0001
01/30/2023 07:15:00,0.0002
01/30/2023 07:30:00,0.0020
01/30/2023 07:45:00,0.0192
01/30/2023 08:00:00,0.0173
01/30/2023 08:15:00,0.0174
01/30/2023 08:30:00,0.0192
01/30/2023 08:45:00,0.0181
01/30/2023 09:00:00,0.0255
01/30/2023 09:15:00,0.0187
01/30/2023 09:30:00,0.0189
01/30/2023 09:45:00,0.0169
01/30/2023 10:00:00,0.0172
01/30/2023 10:15:00,0.0192
01/30/2023 10:30:00,0.0191
01/30/2023 10:45:00,0.0165
01/30/2023 11:00:00,0.0183
01/30/2023 11:15:00,0.0188
01/30/2023 11:30:00,0.0170
01/30/2023 11:45:00,0.0173
01/30/2023 12:00:00,0.0190
01/30/2023 12:15:00,0.0171
01/30/2023 12:30:00,0.0163
01/30/2023 12:45:00,0.0000
01/30/2023 13:00:00,0.0000
01/30/2023 13:15:00,0.0000
01/30/2023 13:30:00,0.0001
01/30/2023 13:45:00,0.0001
01/30/2023 14:00:00,0.0001
01/30/2023 14:15:00,0.0000
01/30/2023 14:30:00,0.0332
01/30/2023 14:45:00,0.0502
01/30/2023 15:00:00,0.0135
01/30/2023 15:15:00,0.0000
01/30/2023 15:30:00,0.0063
01/30/2023 15:45:00,0.0103
01/30/2023 16:00:00,0.0529
01/30/2023 16:15:00,0.0519
01/30/2023 16:30:00,0.0510
01/30/2023 16:45:00,0.0522
01/30/2023 17:00:00,0.0531
01/30/2023 17:15:00,0.0516
01/30/2023 17:30:00,0.0506
01/30/2023 17:45:00,0.0138
01/30/2023 18:00:00,0.0061
01/30/2023 18:15:00,0.0012
01/30/2023 18:30:00,0.0002
01/30/2023 18:45:00,0.0002
01/30/2023 19:00:00,0.0002
01/30/2023 19:15:00,0.0002
01/30/2023 19:30:00,0.0175
01/30/2023 19:45:00,0.0453
01/30/2023 20:00:00,0.0470
01/30/2023 20:15:00,0.0389
01/30/2023 20:30:00,0.0211
01/30/2023 20:45:00,0.0264
01/30/2023 21:00:00,0.0181
01/30/2023 21:15:00,0.0260
01/30/2023 21:30:00,0.0439
01/30/2023 21:45:00,0.0784
01/30/2023 22:00:00,0.0835
01/30/2023 22:15:00,0.0812
01/30/2023 22:30:00,0.0812
01/30/2023 22:45:00,0.0834
01/30/2023 23:00:00,0.0770
01/30/2023 23:15:00,0.0715
01/30/2023 23:30:00,0.0610
01/30/2023 23:45:00,0.0611
01/31/2023 00:00:00,0.0584
01/31/2023 00:15:00,0.0594
01/31/2023 00:30:00,0.0328
01/31/2023 00:45:00,0.0044
01/31/2023 01:00:00,0.0004
01/31/2023 01:15:00,0.0002
01/31/2023 01:30:00,0.0000
01/31/2023 01:45:00,0.0000
01/31/2023 02:00:00,0.0000
01/31/2023 02:15:00,0.0000
01/31/2023 02:30:00,0.0000
01/31/2023 02:45:00,0.0000
01/31/2023 03:00:00,0.0000
01/31/2023 03:15:00,0.0000
01/31/2023 03:30:00,0.0000
01/31/2023 03:45:00,0.0004
01/31/2023 04:00:00,0.0004
01/31/2023 04:15:00,0.0000
01/31/2023 04:30:00,0.0001
01/31/2023 04:45:00,0.0005
01/31/2023 05:00:00,0.0017
01/31/2023 05:15:00,0.0008
01/31/2023 05:30:00,0.0001
01/31/2023 05:45:00,0.0003
01/31/2023 06:00:00,0.0073
01/31/2023 06:15:00,0.0092
01/31/2023 06:30:00,0.0062
01/31/2023 06:45:00,0.0000
01/31/2023 07:00:00,0.0017
01/31/2023 07:15:00,0.0036
01/31/2023 07:30:00,0.0190
01/31/2023 07:45:00,0.0169
01/31/2023 08:00:00,0.0187
01/31/2023 08:15:00,0.0191
01/31/2023 08:30:00,0.0191
01/31/2023 08:45:00,0.0157
01/31/2023 09:00:00,0.0000
01/31/2023 09:15:00,0.0000
01/31/2023 09:30:00,0.0000
01/31/2023 09:45:00,0.0000
01/31/2023 10:00:00,0.0001
01/31/2023 10:15:00,0.0000
01/31/2023 10:30:00,0.0000
01/31/2023 10:45:00,0.0000
01/31/2023 11:00:00,0.0005
01/31/2023 11:15:00,0.0001
01/31/2023 11:30:00,0.0000
01/31/2023 11:45:00,0.0000
01/31/2023 12:00:00,0.0000
01/31/2023 12:15:00,0.0000
01/31/2023 12:30:00,0.0000
01/31/2023 12:45:00,0.0000
01/31/2023 13:00:00,0.0000
01/31/2023 13:15:00,0.0020
01/31/2023 13:30:00,0.0000
01/31/2023 13:45:00,0.0000
01/31/2023 14:00:00,0.0006
01/31/2023 14:15:00,0.0013
01/31/2023 14:30:00,0.0001
01/31/2023 14:45:00,0.0001
01/31/2023 15:00:00,0.0000
01/31/2023 15:15:00,0.0000
01/31/2023 15:30:00,0.0001
01/31/2023 15:45:00,0.0000
01/31/2023 16:00:00,0.0000
01/31/2023 16:15:00,0.0000
01/31/2023 16:30:00,0.0000
01/31/2023 16:45:00,0.0000
01/31/2023 17:00:00,0.0000
01/31/2023 17:15:00,0.0000
01/31/2023 17:30:00,0.0000
01/31/2023 17:45:00,0.0000
01/31/2023 18:00:00,0.0001
01/31/2023 18:15:00,0.0000
01/31/2023 18:30:00,0.0000
01/31/2023 18:45:00,0.0000
01/31/2023 19:00:00,0.0001
01/31/2023 19:15:00,0.0000
01/31/2023 19:30:00,0.0000
01/31/2023 19:45:00,0.0000
01/31/2023 20:00:00,0.0001
01/31/2023 20:15:00,0.0000
01/31/2023 20:30:00,0.0003
01/31/2023 20:45:00,0.0016
01/31/2023 21:00:00,0.0009
01/31/2023 21:15:00,0.0107
01/31/2023 21:30:00,0.0314
01/31/2023 21:45:00,0.0631
01/31/2023 22:00:00,0.0861
01/31/2023 22:15:00,0.0786
01/31/2023 22:30:00,0.0739
01/31/2023 22:45:00,0.0699
01/31/2023 23:00:00,0.0687
01/31/2023 23:15:00,0.0649
01/31/2023 23:30:00,0.0599
01/31/2023 23:45:00,0.0614
02/01/2023 00:00:00,0.0611
