Time Bucket (America/Chicago),Casa6-Mains_C (kWatts)
03/01/2023 00:00:00,0.0244
03/01/2023 00:15:00,0.0041
03/01/2023 00:30:00,0.0779
03/01/2023 00:45:00,0.0451
03/01/2023 01:00:00,0.0040
03/01/2023 01:15:00,0.0501
03/01/2023 01:30:00,0.0720
03/01/2023 01:45:00,0.0040
03/01/2023 02:00:00,0.0154
03/01/2023 02:15:00,0.1051
03/01/2023 02:30:00,0.0041
03/01/2023 02:45:00,0.0039
03/01/2023 03:00:00,0.0901
03/01/2023 03:15:00,0.0293
03/01/2023 03:30:00,0.0038
03/01/2023 03:45:00,0.0410
03/01/2023 04:00:00,0.0753
03/01/2023 04:15:00,0.0039
03/01/2023 04:30:00,0.0038
03/01/2023 04:45:00,0.1029
03/01/2023 05:00:00,0.0135
03/01/2023 05:15:00,0.0038
03/01/2023 05:30:00,0.0368
03/01/2023 05:45:00,0.0783
03/01/2023 06:00:00,0.0039
03/01/2023 06:15:00,0.0037
03/01/2023 06:30:00,0.0760
03/01/2023 06:45:00,0.0427
03/01/2023 07:00:00,0.0276
03/01/2023 07:15:00,0.0195
03/01/2023 07:30:00,0.1193
03/01/2023 07:45:00,0.1688
03/01/2023 08:00:00,0.1654
03/01/2023 08:15:00,0.0368
03/01/2023 08:30:00,0.1263
03/01/2023 08:45:00,0.2911
03/01/2023 09:00:00,0.1462
03/01/2023 09:15:00,0.1412
03/01/2023 09:30:00,0.0820
03/01/2023 09:45:00,0.1514
03/01/2023 10:00:00,0.1549
03/01/2023 10:15:00,0.0000
03/01/2023 10:30:00,0.0000
03/01/2023 10:45:00,0.0176
03/01/2023 11:00:00,0.1111
03/01/2023 11:15:00,0.0000
03/01/2023 11:30:00,0.0000
03/01/2023 11:45:00,0.0388
03/01/2023 12:00:00,0.0786
03/01/2023 12:15:00,0.0000
03/01/2023 12:30:00,0.0000
03/01/2023 12:45:00,0.0713
03/01/2023 13:00:00,0.0464
03/01/2023 13:15:00,0.0000
03/01/2023 13:30:00,0.0147
03/01/2023 13:45:00,0.1152
03/01/2023 14:00:00,0.0414
03/01/2023 14:15:00,0.0061
03/01/2023 14:30:00,0.2592
03/01/2023 14:45:00,0.0394
03/01/2023 15:00:00,0.1044
03/01/2023 15:15:00,0.3818
03/01/2023 15:30:00,0.5395
03/01/2023 15:45:00,0.0866
03/01/2023 16:00:00,0.3010
03/01/2023 16:15:00,0.0987
03/01/2023 16:30:00,0.0000
03/01/2023 16:45:00,0.0690
03/01/2023 17:00:00,0.1114
03/01/2023 17:15:00,0.0108
03/01/2023 17:30:00,0.0000
03/01/2023 17:45:00,0.1005
03/01/2023 18:00:00,0.0788
03/01/2023 18:15:00,0.0600
03/01/2023 18:30:00,0.1045
03/01/2023 18:45:00,0.1931
03/01/2023 19:00:00,0.1068
03/01/2023 19:15:00,0.0831
03/01/2023 19:30:00,0.1332
03/01/2023 19:45:00,0.2244
03/01/2023 20:00:00,0.1164
03/01/2023 20:15:00,0.1025
03/01/2023 20:30:00,0.1814
03/01/2023 20:45:00,0.1355
03/01/2023 21:00:00,0.0847
03/01/2023 21:15:00,0.1291
03/01/2023 21:30:00,0.1695
03/01/2023 21:45:00,0.0078
03/01/2023 22:00:00,0.0067
03/01/2023 22:15:00,0.0931
03/01/2023 22:30:00,0.0533
03/01/2023 22:45:00,0.0046
03/01/2023 23:00:00,0.0297
03/01/2023 23:15:00,0.1149
03/01/2023 23:30:00,0.0048
03/01/2023 23:45:00,0.0048
03/02/2023 00:00:00,0.0754
03/02/2023 00:15:00,0.0679
03/02/2023 00:30:00,0.0048
03/02/2023 00:45:00,0.0047
03/02/2023 01:00:00,0.1205
03/02/2023 01:15:00,0.0196
03/02/2023 01:30:00,0.0046
03/02/2023 01:45:00,0.0528
03/02/2023 02:00:00,0.0844
03/02/2023 02:15:00,0.0046
03/02/2023 02:30:00,0.0045
03/02/2023 02:45:00,0.0996
03/02/2023 03:00:00,0.0345
03/02/2023 03:15:00,0.0045
03/02/2023 03:30:00,0.0275
03/02/2023 03:45:00,0.1036
03/02/2023 04:00:00,0.0047
03/02/2023 04:15:00,0.0046
03/02/2023 04:30:00,0.0660
03/02/2023 04:45:00,0.0626
03/02/2023 05:00:00,0.0048
03/02/2023 05:15:00,0.0046
03/02/2023 05:30:00,0.0829
03/02/2023 05:45:00,0.0467
03/02/2023 06:00:00,0.0044
03/02/2023 06:15:00,0.0044
03/02/2023 06:30:00,0.0827
03/02/2023 06:45:00,0.0513
03/02/2023 07:00:00,0.0292
03/02/2023 07:15:00,0.0293
03/02/2023 07:30:00,0.0799
03/02/2023 07:45:00,0.0614
03/02/2023 08:00:00,0.0072
03/02/2023 08:15:00,0.0347
03/02/2023 08:30:00,0.0807
03/02/2023 08:45:00,0.0782
03/02/2023 09:00:00,0.0151
03/02/2023 09:15:00,0.0105
03/02/2023 09:30:00,0.0061
03/02/2023 09:45:00,0.1770
03/02/2023 10:00:00,0.0550
03/02/2023 10:15:00,0.0011
03/02/2023 10:30:00,0.0711
03/02/2023 10:45:00,0.1223
03/02/2023 11:00:00,0.2235
03/02/2023 11:15:00,0.0828
03/02/2023 11:30:00,0.0634
03/02/2023 11:45:00,0.1250
03/02/2023 12:00:00,0.1152
03/02/2023 12:15:00,0.0665
03/02/2023 12:30:00,0.0000
03/02/2023 12:45:00,0.0000
03/02/2023 13:00:00,0.0454
03/02/2023 13:15:00,0.1140
03/02/2023 13:30:00,0.0281
03/02/2023 13:45:00,0.0000
03/02/2023 14:00:00,0.0168
03/02/2023 14:15:00,0.1147
03/02/2023 14:30:00,0.0322
03/02/2023 14:45:00,0.0000
03/02/2023 15:00:00,0.0201
03/02/2023 15:15:00,0.1139
03/02/2023 15:30:00,0.0284
03/02/2023 15:45:00,0.0893
03/02/2023 16:00:00,0.1087
03/02/2023 16:15:00,0.1108
03/02/2023 16:30:00,0.1738
03/02/2023 16:45:00,0.1682
03/02/2023 17:00:00,0.1703
03/02/2023 17:15:00,0.1748
03/02/2023 17:30:00,0.1625
03/02/2023 17:45:00,0.0559
03/02/2023 18:00:00,0.0366
03/02/2023 18:15:00,0.1105
03/02/2023 18:30:00,0.1466
03/02/2023 18:45:00,0.0733
03/02/2023 19:00:00,0.0796
03/02/2023 19:15:00,0.0925
03/02/2023 19:30:00,0.1901
03/02/2023 19:45:00,0.1873
03/02/2023 20:00:00,0.0800
03/02/2023 20:15:00,0.0487
03/02/2023 20:30:00,0.0487
03/02/2023 20:45:00,0.1074
03/02/2023 21:00:00,0.1607
03/02/2023 21:15:00,0.0987
03/02/2023 21:30:00,0.0749
03/02/2023 21:45:00,0.0913
03/02/2023 22:00:00,0.1362
03/02/2023 22:15:00,0.0910
03/02/2023 22:30:00,0.0047
03/02/2023 22:45:00,0.0049
03/02/2023 23:00:00,0.0049
03/02/2023 23:15:00,0.1099
03/02/2023 23:30:00,0.1072
03/02/2023 23:45:00,0.0051
03/03/2023 00:00:00,0.0053
03/03/2023 00:15:00,0.0050
03/03/2023 00:30:00,0.1055
03/03/2023 00:45:00,0.1027
03/03/2023 01:00:00,0.0049
03/03/2023 01:15:00,0.0049
03/03/2023 01:30:00,0.0273
03/03/2023 01:45:00,0.1187
03/03/2023 02:00:00,0.0394
03/03/2023 02:15:00,0.0048
03/03/2023 02:30:00,0.0049
03/03/2023 02:45:00,0.0050
03/03/2023 03:00:00,0.1101
03/03/2023 03:15:00,0.0827
03/03/2023 03:30:00,0.0048
03/03/2023 03:45:00,0.0045
03/03/2023 04:00:00,0.0049
03/03/2023 04:15:00,0.0046
03/03/2023 04:30:00,0.1221
03/03/2023 04:45:00,0.0772
03/03/2023 05:00:00,0.0046
03/03/2023 05:15:00,0.0048
03/03/2023 05:30:00,0.0047
03/03/2023 05:45:00,0.0335
03/03/2023 06:00:00,0.1194
03/03/2023 06:15:00,0.0427
03/03/2023 06:30:00,0.0051
03/03/2023 06:45:00,0.0053
03/03/2023 07:00:00,0.0962
03/03/2023 07:15:00,0.0567
03/03/2023 07:30:00,0.0000
03/03/2023 07:45:00,0.0000
03/03/2023 08:00:00,0.0520
03/03/2023 08:15:00,0.1390
03/03/2023 08:30:00,0.2337
03/03/2023 08:45:00,0.0500
03/03/2023 09:00:00,0.0674
03/03/2023 09:15:00,0.1233
03/03/2023 09:30:00,0.1146
03/03/2023 09:45:00,0.1337
03/03/2023 10:00:00,0.1167
03/03/2023 10:15:00,0.0851
03/03/2023 10:30:00,0.0032
03/03/2023 10:45:00,0.0033
03/03/2023 11:00:00,0.0780
03/03/2023 11:15:00,0.1082
03/03/2023 11:30:00,0.0011
03/03/2023 11:45:00,0.0000
03/03/2023 12:00:00,0.0289
03/03/2023 12:15:00,0.1110
03/03/2023 12:30:00,0.0419
03/03/2023 12:45:00,0.0000
03/03/2023 13:00:00,0.0000
03/03/2023 13:15:00,0.0778
03/03/2023 13:30:00,0.0919
03/03/2023 13:45:00,0.0124
03/03/2023 14:00:00,0.0145
03/03/2023 14:15:00,0.1076
03/03/2023 14:30:00,0.1747
03/03/2023 14:45:00,0.0859
03/03/2023 15:00:00,0.0698
03/03/2023 15:15:00,0.0740
03/03/2023 15:30:00,0.2567
03/03/2023 15:45:00,0.1629
03/03/2023 16:00:00,0.0303
03/03/2023 16:15:00,0.0212
03/03/2023 16:30:00,0.0767
03/03/2023 16:45:00,0.1310
03/03/2023 17:00:00,0.0396
03/03/2023 17:15:00,0.0213
03/03/2023 17:30:00,0.0721
03/03/2023 17:45:00,0.1126
03/03/2023 18:00:00,0.0626
03/03/2023 18:15:00,0.0008
03/03/2023 18:30:00,0.0167
03/03/2023 18:45:00,0.1274
03/03/2023 19:00:00,0.1307
03/03/2023 19:15:00,0.1487
03/03/2023 19:30:00,0.1431
03/03/2023 19:45:00,0.1352
03/03/2023 20:00:00,0.0560
03/03/2023 20:15:00,0.0303
03/03/2023 20:30:00,0.0845
03/03/2023 20:45:00,0.1395
03/03/2023 21:00:00,0.1262
03/03/2023 21:15:00,0.0410
03/03/2023 21:30:00,0.0071
03/03/2023 21:45:00,0.0758
03/03/2023 22:00:00,0.1149
03/03/2023 22:15:00,0.0463
03/03/2023 22:30:00,0.0050
03/03/2023 22:45:00,0.0049
03/03/2023 23:00:00,0.1025
03/03/2023 23:15:00,0.1141
03/03/2023 23:30:00,0.0085
03/03/2023 23:45:00,0.0051
03/04/2023 00:00:00,0.0049
03/04/2023 00:15:00,0.1213
03/04/2023 00:30:00,0.0858
03/04/2023 00:45:00,0.0051
03/04/2023 01:00:00,0.0050
03/04/2023 01:15:00,0.0227
03/04/2023 01:30:00,0.1188
03/04/2023 01:45:00,0.0635
03/04/2023 02:00:00,0.0050
03/04/2023 02:15:00,0.0050
03/04/2023 02:30:00,0.0051
03/04/2023 02:45:00,0.1219
03/04/2023 03:00:00,0.0780
03/04/2023 03:15:00,0.0049
03/04/2023 03:30:00,0.0051
03/04/2023 03:45:00,0.0052
03/04/2023 04:00:00,0.0747
03/04/2023 04:15:00,0.1162
03/04/2023 04:30:00,0.2311
03/04/2023 04:45:00,0.0950
03/04/2023 05:00:00,0.0419
03/04/2023 05:15:00,0.1311
03/04/2023 05:30:00,0.1221
03/04/2023 05:45:00,0.1064
03/04/2023 06:00:00,0.0047
03/04/2023 06:15:00,0.0047
03/04/2023 06:30:00,0.0049
03/04/2023 06:45:00,0.0059
03/04/2023 07:00:00,0.1236
03/04/2023 07:15:00,0.0808
03/04/2023 07:30:00,0.0188
03/04/2023 07:45:00,0.0126
03/04/2023 08:00:00,0.0001
03/04/2023 08:15:00,0.1042
03/04/2023 08:30:00,0.0717
03/04/2023 08:45:00,0.0084
03/04/2023 09:00:00,0.1036
03/04/2023 09:15:00,0.1036
03/04/2023 09:30:00,0.0060
03/04/2023 09:45:00,0.1168
03/04/2023 10:00:00,0.0507
03/04/2023 10:15:00,0.1573
03/04/2023 10:30:00,0.1644
03/04/2023 10:45:00,0.1540
03/04/2023 11:00:00,0.2005
03/04/2023 11:15:00,0.0932
03/04/2023 11:30:00,0.0958
03/04/2023 11:45:00,0.0931
03/04/2023 12:00:00,0.1186
03/04/2023 12:15:00,0.0247
03/04/2023 12:30:00,0.0519
03/04/2023 12:45:00,0.1212
03/04/2023 13:00:00,0.0725
03/04/2023 13:15:00,0.0000
03/04/2023 13:30:00,0.0087
03/04/2023 13:45:00,0.0228
03/04/2023 14:00:00,0.0620
03/04/2023 14:15:00,0.1390
03/04/2023 14:30:00,0.0846
03/04/2023 14:45:00,0.0252
03/04/2023 15:00:00,0.0252
03/04/2023 15:15:00,0.0254
03/04/2023 15:30:00,0.1383
03/04/2023 15:45:00,0.1207
03/04/2023 16:00:00,0.0258
03/04/2023 16:15:00,0.0256
03/04/2023 16:30:00,0.0270
03/04/2023 16:45:00,0.1423
03/04/2023 17:00:00,0.1169
03/04/2023 17:15:00,0.0262
03/04/2023 17:30:00,0.0262
03/04/2023 17:45:00,0.0532
03/04/2023 18:00:00,0.1394
03/04/2023 18:15:00,0.0852
03/04/2023 18:30:00,0.0304
03/04/2023 18:45:00,0.0306
03/04/2023 19:00:00,0.0766
03/04/2023 19:15:00,0.1437
03/04/2023 19:30:00,0.0729
03/04/2023 19:45:00,0.0307
03/04/2023 20:00:00,0.0306
03/04/2023 20:15:00,0.0836
03/04/2023 20:30:00,0.1439
03/04/2023 20:45:00,0.0670
03/04/2023 21:00:00,0.0308
03/04/2023 21:15:00,0.0308
03/04/2023 21:30:00,0.0603
03/04/2023 21:45:00,0.1459
03/04/2023 22:00:00,0.0911
03/04/2023 22:15:00,0.0308
03/04/2023 22:30:00,0.0309
03/04/2023 22:45:00,0.0625
03/04/2023 23:00:00,0.1445
03/04/2023 23:15:00,0.0801
03/04/2023 23:30:00,0.0309
03/04/2023 23:45:00,0.0581
03/05/2023 00:00:00,0.1460
03/05/2023 00:15:00,0.2832
03/05/2023 00:30:00,0.1500
03/05/2023 00:45:00,0.0576
03/05/2023 01:00:00,0.0050
03/05/2023 01:15:00,0.0564
03/05/2023 01:30:00,0.1138
03/05/2023 01:45:00,0.0787
03/05/2023 02:00:00,0.0052
03/05/2023 02:15:00,0.0052
03/05/2023 02:30:00,0.0053
03/05/2023 02:45:00,0.0740
03/05/2023 03:00:00,0.1116
03/05/2023 03:15:00,0.0284
03/05/2023 03:30:00,0.0051
03/05/2023 03:45:00,0.0051
03/05/2023 04:00:00,0.0541
03/05/2023 04:15:00,0.1123
03/05/2023 04:30:00,0.0268
03/05/2023 04:45:00,0.0050
03/05/2023 05:00:00,0.0049
03/05/2023 05:15:00,0.0612
03/05/2023 05:30:00,0.1112
03/05/2023 05:45:00,0.0081
03/05/2023 06:00:00,0.0052
03/05/2023 06:15:00,0.0052
03/05/2023 06:30:00,0.0705
03/05/2023 06:45:00,0.1188
03/05/2023 07:00:00,0.1960
03/05/2023 07:15:00,0.0921
03/05/2023 07:30:00,0.0567
03/05/2023 07:45:00,0.1244
03/05/2023 08:00:00,0.1309
03/05/2023 08:15:00,0.1098
03/05/2023 08:30:00,0.0439
03/05/2023 08:45:00,0.0596
03/05/2023 09:00:00,0.0554
03/05/2023 09:15:00,0.4401
03/05/2023 09:30:00,0.1174
03/05/2023 09:45:00,0.0742
03/05/2023 10:00:00,0.0031
03/05/2023 10:15:00,0.1181
03/05/2023 10:30:00,0.1255
03/05/2023 10:45:00,0.0522
03/05/2023 11:00:00,0.1177
03/05/2023 11:15:00,0.4057
03/05/2023 11:30:00,0.0033
03/05/2023 11:45:00,0.0021
03/05/2023 12:00:00,0.0802
03/05/2023 12:15:00,0.0528
03/05/2023 12:30:00,0.0000
03/05/2023 12:45:00,0.0000
03/05/2023 13:00:00,0.1065
03/05/2023 13:15:00,0.0201
03/05/2023 13:30:00,0.0087
03/05/2023 13:45:00,0.0216
03/05/2023 14:00:00,0.1140
03/05/2023 14:15:00,0.0088
03/05/2023 14:30:00,0.0142
03/05/2023 14:45:00,0.0718
03/05/2023 15:00:00,0.1113
03/05/2023 15:15:00,0.0196
03/05/2023 15:30:00,0.0196
03/05/2023 15:45:00,0.1031
03/05/2023 16:00:00,0.0812
03/05/2023 16:15:00,0.0196
03/05/2023 16:30:00,0.0301
03/05/2023 16:45:00,0.1339
03/05/2023 17:00:00,0.0428
03/05/2023 17:15:00,0.0196
03/05/2023 17:30:00,0.0775
03/05/2023 17:45:00,0.1103
03/05/2023 18:00:00,0.0196
03/05/2023 18:15:00,0.0196
03/05/2023 18:30:00,0.1267
03/05/2023 18:45:00,0.0661
03/05/2023 19:00:00,0.0240
03/05/2023 19:15:00,0.0636
03/05/2023 19:30:00,0.1339
03/05/2023 19:45:00,0.0242
03/05/2023 20:00:00,0.0312
03/05/2023 20:15:00,0.1118
03/05/2023 20:30:00,0.0981
03/05/2023 20:45:00,0.0295
03/05/2023 21:00:00,0.0763
03/05/2023 21:15:00,0.1233
03/05/2023 21:30:00,0.0222
03/05/2023 21:45:00,0.0051
03/05/2023 22:00:00,0.0898
03/05/2023 22:15:00,0.0628
03/05/2023 22:30:00,0.0049
03/05/2023 22:45:00,0.0419
03/05/2023 23:00:00,0.1049
03/05/2023 23:15:00,0.0050
03/05/2023 23:30:00,0.0051
03/05/2023 23:45:00,0.1017
03/06/2023 00:00:00,0.0433
03/06/2023 00:15:00,0.0052
03/06/2023 00:30:00,0.0393
03/06/2023 00:45:00,0.1027
03/06/2023 01:00:00,0.0052
03/06/2023 01:15:00,0.0052
03/06/2023 01:30:00,0.0875
03/06/2023 01:45:00,0.0537
03/06/2023 02:00:00,0.0051
03/06/2023 02:15:00,0.0108
03/06/2023 02:30:00,0.1211
03/06/2023 02:45:00,0.0138
03/06/2023 03:00:00,0.0051
03/06/2023 03:15:00,0.0398
03/06/2023 03:30:00,0.0995
03/06/2023 03:45:00,0.0050
03/06/2023 04:00:00,0.0051
03/06/2023 04:15:00,0.0547
03/06/2023 04:30:00,0.0828
03/06/2023 04:45:00,0.0049
03/06/2023 05:00:00,0.0048
03/06/2023 05:15:00,0.0651
03/06/2023 05:30:00,0.0700
03/06/2023 05:45:00,0.0047
03/06/2023 06:00:00,0.0053
03/06/2023 06:15:00,0.0616
03/06/2023 06:30:00,0.0718
03/06/2023 06:45:00,0.0056
03/06/2023 07:00:00,0.0048
03/06/2023 07:15:00,0.0477
03/06/2023 07:30:00,0.0749
03/06/2023 07:45:00,0.0000
03/06/2023 08:00:00,0.0000
03/06/2023 08:15:00,0.0275
03/06/2023 08:30:00,0.0948
03/06/2023 08:45:00,0.0000
03/06/2023 09:00:00,0.0000
03/06/2023 09:15:00,0.0113
03/06/2023 09:30:00,0.4679
03/06/2023 09:45:00,0.2030
03/06/2023 10:00:00,0.1615
03/06/2023 10:15:00,0.0054
03/06/2023 10:30:00,0.1310
03/06/2023 10:45:00,0.1226
03/06/2023 11:00:00,0.1231
03/06/2023 11:15:00,0.1772
03/06/2023 11:30:00,0.1585
03/06/2023 11:45:00,0.0155
03/06/2023 12:00:00,0.1403
03/06/2023 12:15:00,0.0351
03/06/2023 12:30:00,0.1120
03/06/2023 12:45:00,0.4166
03/06/2023 13:00:00,0.1596
03/06/2023 13:15:00,0.0137
03/06/2023 13:30:00,0.1846
03/06/2023 13:45:00,0.0763
03/06/2023 14:00:00,0.0536
03/06/2023 14:15:00,0.0034
03/06/2023 14:30:00,0.1751
03/06/2023 14:45:00,0.1217
03/06/2023 15:00:00,0.0093
03/06/2023 15:15:00,0.0034
03/06/2023 15:30:00,0.0935
03/06/2023 15:45:00,0.1124
03/06/2023 16:00:00,0.0141
03/06/2023 16:15:00,0.0039
03/06/2023 16:30:00,0.0065
03/06/2023 16:45:00,0.1195
03/06/2023 17:00:00,0.0857
03/06/2023 17:15:00,0.0042
03/06/2023 17:30:00,0.0042
03/06/2023 17:45:00,0.0600
03/06/2023 18:00:00,0.1152
03/06/2023 18:15:00,0.0227
03/06/2023 18:30:00,0.0120
03/06/2023 18:45:00,0.0456
03/06/2023 19:00:00,0.1758
03/06/2023 19:15:00,0.1421
03/06/2023 19:30:00,0.0685
03/06/2023 19:45:00,0.0717
03/06/2023 20:00:00,0.1096
03/06/2023 20:15:00,0.1773
03/06/2023 20:30:00,0.0964
03/06/2023 20:45:00,0.0655
03/06/2023 21:00:00,0.0656
03/06/2023 21:15:00,0.1385
03/06/2023 21:30:00,0.1563
03/06/2023 21:45:00,0.1234
03/06/2023 22:00:00,0.0301
03/06/2023 22:15:00,0.0048
03/06/2023 22:30:00,0.0049
03/06/2023 22:45:00,0.0768
03/06/2023 23:00:00,0.1143
03/06/2023 23:15:00,0.0253
03/06/2023 23:30:00,0.0049
03/06/2023 23:45:00,0.0048
03/07/2023 00:00:00,0.0253
03/07/2023 00:15:00,0.1194
03/07/2023 00:30:00,0.0627
03/07/2023 00:45:00,0.0050
03/07/2023 01:00:00,0.0047
03/07/2023 01:15:00,0.0047
03/07/2023 01:30:00,0.0825
03/07/2023 01:45:00,0.1124
03/07/2023 02:00:00,0.0048
03/07/2023 02:15:00,0.0049
03/07/2023 02:30:00,0.0048
03/07/2023 02:45:00,0.0049
03/07/2023 03:00:00,0.1156
03/07/2023 03:15:00,0.0805
03/07/2023 03:30:00,0.0050
03/07/2023 03:45:00,0.0048
03/07/2023 04:00:00,0.0048
03/07/2023 04:15:00,0.0047
03/07/2023 04:30:00,0.1099
03/07/2023 04:45:00,0.0801
03/07/2023 05:00:00,0.0047
03/07/2023 05:15:00,0.0046
03/07/2023 05:30:00,0.0045
03/07/2023 05:45:00,0.0045
03/07/2023 06:00:00,0.0650
03/07/2023 06:15:00,0.1161
03/07/2023 06:30:00,0.0106
03/07/2023 06:45:00,0.0053
03/07/2023 07:00:00,0.0057
03/07/2023 07:15:00,0.0046
03/07/2023 07:30:00,0.0000
03/07/2023 07:45:00,0.0564
03/07/2023 08:00:00,0.1121
03/07/2023 08:15:00,0.0159
03/07/2023 08:30:00,0.0016
03/07/2023 08:45:00,0.0021
03/07/2023 09:00:00,0.0781
03/07/2023 09:15:00,0.0608
03/07/2023 09:30:00,0.0018
03/07/2023 09:45:00,0.0557
03/07/2023 10:00:00,0.1105
03/07/2023 10:15:00,0.0356
03/07/2023 10:30:00,0.1078
03/07/2023 10:45:00,0.0000
03/07/2023 11:00:00,0.2555
03/07/2023 11:15:00,0.2482
03/07/2023 11:30:00,0.0059
03/07/2023 11:45:00,0.0816
03/07/2023 12:00:00,0.2398
03/07/2023 12:15:00,0.2419
03/07/2023 12:30:00,0.2495
03/07/2023 12:45:00,0.0180
03/07/2023 13:00:00,0.1279
03/07/2023 13:15:00,0.1165
03/07/2023 13:30:00,0.0968
03/07/2023 13:45:00,0.0000
03/07/2023 14:00:00,0.0000
03/07/2023 14:15:00,0.1987
03/07/2023 14:30:00,0.2492
03/07/2023 14:45:00,0.1150
03/07/2023 15:00:00,0.0596
03/07/2023 15:15:00,0.0000
03/07/2023 15:30:00,0.2355
03/07/2023 15:45:00,0.0809
03/07/2023 16:00:00,0.1093
03/07/2023 16:15:00,0.0016
03/07/2023 16:30:00,0.0060
03/07/2023 16:45:00,0.0413
03/07/2023 17:00:00,0.1136
03/07/2023 17:15:00,0.0237
03/07/2023 17:30:00,0.0621
03/07/2023 17:45:00,0.1347
03/07/2023 18:00:00,0.1311
03/07/2023 18:15:00,0.0476
03/07/2023 18:30:00,0.0498
03/07/2023 18:45:00,0.1701
03/07/2023 19:00:00,0.1893
03/07/2023 19:15:00,0.0841
03/07/2023 19:30:00,0.1279
03/07/2023 19:45:00,0.1442
03/07/2023 20:00:00,0.1624
03/07/2023 20:15:00,0.0522
03/07/2023 20:30:00,0.0489
03/07/2023 20:45:00,0.1557
03/07/2023 21:00:00,0.1227
03/07/2023 21:15:00,0.0381
03/07/2023 21:30:00,0.0361
03/07/2023 21:45:00,0.1209
03/07/2023 22:00:00,0.0270
03/07/2023 22:15:00,0.0046
03/07/2023 22:30:00,0.0098
03/07/2023 22:45:00,0.1247
03/07/2023 23:00:00,0.0649
03/07/2023 23:15:00,0.0046
03/07/2023 23:30:00,0.0047
03/07/2023 23:45:00,0.0851
03/08/2023 00:00:00,0.1054
03/08/2023 00:15:00,0.0047
03/08/2023 00:30:00,0.0048
03/08/2023 00:45:00,0.0989
03/08/2023 01:00:00,0.0746
03/08/2023 01:15:00,0.0047
03/08/2023 01:30:00,0.0048
03/08/2023 01:45:00,0.1195
03/08/2023 02:00:00,0.0481
03/08/2023 02:15:00,0.0046
03/08/2023 02:30:00,0.0193
03/08/2023 02:45:00,0.1205
03/08/2023 03:00:00,0.0287
03/08/2023 03:15:00,0.0045
03/08/2023 03:30:00,0.0322
03/08/2023 03:45:00,0.1189
03/08/2023 04:00:00,0.0115
03/08/2023 04:15:00,0.0046
03/08/2023 04:30:00,0.0046
03/08/2023 04:45:00,0.1231
03/08/2023 05:00:00,0.0385
03/08/2023 05:15:00,0.0043
03/08/2023 05:30:00,0.0239
03/08/2023 05:45:00,0.1378
03/08/2023 06:00:00,0.1245
03/08/2023 06:15:00,0.0068
03/08/2023 06:30:00,0.0046
03/08/2023 06:45:00,0.1081
03/08/2023 07:00:00,0.0343
03/08/2023 07:15:00,0.0000
03/08/2023 07:30:00,0.0000
03/08/2023 07:45:00,0.1006
03/08/2023 08:00:00,0.0312
03/08/2023 08:15:00,0.0000
03/08/2023 08:30:00,0.0000
03/08/2023 08:45:00,0.0799
03/08/2023 09:00:00,0.0528
03/08/2023 09:15:00,0.0000
03/08/2023 09:30:00,0.0000
03/08/2023 09:45:00,0.0256
03/08/2023 10:00:00,0.1110
03/08/2023 10:15:00,0.0000
03/08/2023 10:30:00,0.0000
03/08/2023 10:45:00,0.0000
03/08/2023 11:00:00,0.1004
03/08/2023 11:15:00,0.0382
03/08/2023 11:30:00,0.0000
03/08/2023 11:45:00,0.0000
03/08/2023 12:00:00,0.0757
03/08/2023 12:15:00,0.0632
03/08/2023 12:30:00,0.0000
03/08/2023 12:45:00,0.0000
03/08/2023 13:00:00,0.0624
03/08/2023 13:15:00,0.1404
03/08/2023 13:30:00,0.2192
03/08/2023 13:45:00,0.0459
03/08/2023 14:00:00,0.0816
03/08/2023 14:15:00,0.1195
03/08/2023 14:30:00,0.1155
03/08/2023 14:45:00,0.0354
03/08/2023 15:00:00,0.0000
03/08/2023 15:15:00,0.0000
03/08/2023 15:30:00,0.0509
03/08/2023 15:45:00,0.1152
03/08/2023 16:00:00,0.0388
03/08/2023 16:15:00,0.0000
03/08/2023 16:30:00,0.0345
03/08/2023 16:45:00,0.1147
03/08/2023 17:00:00,0.0189
03/08/2023 17:15:00,0.0000
03/08/2023 17:30:00,0.2191
03/08/2023 17:45:00,0.1141
03/08/2023 18:00:00,0.0140
03/08/2023 18:15:00,0.0279
03/08/2023 18:30:00,0.1583
03/08/2023 18:45:00,0.1492
03/08/2023 19:00:00,0.1289
03/08/2023 19:15:00,0.1440
03/08/2023 19:30:00,0.2358
03/08/2023 19:45:00,0.0913
03/08/2023 20:00:00,0.0489
03/08/2023 20:15:00,0.0783
03/08/2023 20:30:00,0.1617
03/08/2023 20:45:00,0.0623
03/08/2023 21:00:00,0.0436
03/08/2023 21:15:00,0.0628
03/08/2023 21:30:00,0.1740
03/08/2023 21:45:00,0.1354
03/08/2023 22:00:00,0.1133
03/08/2023 22:15:00,0.1116
03/08/2023 22:30:00,0.0397
03/08/2023 22:45:00,0.0290
03/08/2023 23:00:00,0.1144
03/08/2023 23:15:00,0.0516
03/08/2023 23:30:00,0.0048
03/08/2023 23:45:00,0.1054
03/09/2023 00:00:00,0.0636
03/09/2023 00:15:00,0.0049
03/09/2023 00:30:00,0.0717
03/09/2023 00:45:00,0.0775
03/09/2023 01:00:00,0.0049
03/09/2023 01:15:00,0.0406
03/09/2023 01:30:00,0.1020
03/09/2023 01:45:00,0.0048
03/09/2023 02:00:00,0.0048
03/09/2023 02:15:00,0.1171
03/09/2023 02:30:00,0.0203
03/09/2023 02:45:00,0.0046
03/09/2023 03:00:00,0.0795
03/09/2023 03:15:00,0.0535
03/09/2023 03:30:00,0.0048
03/09/2023 03:45:00,0.0288
03/09/2023 04:00:00,0.1026
03/09/2023 04:15:00,0.0049
03/09/2023 04:30:00,0.0048
03/09/2023 04:45:00,0.0770
03/09/2023 05:00:00,0.0530
03/09/2023 05:15:00,0.0045
03/09/2023 05:30:00,0.0046
03/09/2023 05:45:00,0.1016
03/09/2023 06:00:00,0.0287
03/09/2023 06:15:00,0.0044
03/09/2023 06:30:00,0.0046
03/09/2023 06:45:00,0.0949
03/09/2023 07:00:00,0.0375
03/09/2023 07:15:00,0.0000
03/09/2023 07:30:00,0.0000
03/09/2023 07:45:00,0.0658
03/09/2023 08:00:00,0.0579
03/09/2023 08:15:00,0.0016
03/09/2023 08:30:00,0.0158
03/09/2023 08:45:00,0.0899
03/09/2023 09:00:00,0.2423
03/09/2023 09:15:00,0.3038
03/09/2023 09:30:00,0.1847
03/09/2023 09:45:00,0.0097
03/09/2023 10:00:00,0.1178
03/09/2023 10:15:00,0.0022
03/09/2023 10:30:00,0.0000
03/09/2023 10:45:00,0.0000
03/09/2023 11:00:00,0.0730
03/09/2023 11:15:00,0.0576
03/09/2023 11:30:00,0.0000
03/09/2023 11:45:00,0.0000
03/09/2023 12:00:00,0.0514
03/09/2023 12:15:00,0.0928
03/09/2023 12:30:00,0.0000
03/09/2023 12:45:00,0.0000
03/09/2023 13:00:00,0.0413
03/09/2023 13:15:00,0.1115
03/09/2023 13:30:00,0.1437
03/09/2023 13:45:00,0.2230
03/09/2023 14:00:00,0.0424
03/09/2023 14:15:00,0.0857
03/09/2023 14:30:00,0.1197
03/09/2023 14:45:00,0.1150
03/09/2023 15:00:00,0.0950
03/09/2023 15:15:00,0.0000
03/09/2023 15:30:00,0.0000
03/09/2023 15:45:00,0.0228
03/09/2023 16:00:00,0.1153
03/09/2023 16:15:00,0.0748
03/09/2023 16:30:00,0.0000
03/09/2023 16:45:00,0.0000
03/09/2023 17:00:00,0.1051
03/09/2023 17:15:00,0.0740
03/09/2023 17:30:00,0.0000
03/09/2023 17:45:00,0.0068
03/09/2023 18:00:00,0.1222
03/09/2023 18:15:00,0.0571
03/09/2023 18:30:00,0.0036
03/09/2023 18:45:00,0.0601
03/09/2023 19:00:00,0.1848
03/09/2023 19:15:00,0.1110
03/09/2023 19:30:00,0.0642
03/09/2023 19:45:00,0.0807
03/09/2023 20:00:00,0.1601
03/09/2023 20:15:00,0.0601
03/09/2023 20:30:00,0.0485
03/09/2023 20:45:00,0.0989
03/09/2023 21:00:00,0.1557
03/09/2023 21:15:00,0.0682
03/09/2023 21:30:00,0.1590
03/09/2023 21:45:00,0.1372
03/09/2023 22:00:00,0.1071
03/09/2023 22:15:00,0.0040
03/09/2023 22:30:00,0.0041
03/09/2023 22:45:00,0.0616
03/09/2023 23:00:00,0.0999
03/09/2023 23:15:00,0.0041
03/09/2023 23:30:00,0.0044
03/09/2023 23:45:00,0.0606
03/10/2023 00:00:00,0.1010
03/10/2023 00:15:00,0.0042
03/10/2023 00:30:00,0.0041
03/10/2023 00:45:00,0.0436
03/10/2023 01:00:00,0.1161
03/10/2023 01:15:00,0.0043
03/10/2023 01:30:00,0.0041
03/10/2023 01:45:00,0.0161
03/10/2023 02:00:00,0.1201
03/10/2023 02:15:00,0.0292
03/10/2023 02:30:00,0.0042
03/10/2023 02:45:00,0.0041
03/10/2023 03:00:00,0.0906
03/10/2023 03:15:00,0.0690
03/10/2023 03:30:00,0.0041
03/10/2023 03:45:00,0.0041
03/10/2023 04:00:00,0.0369
03/10/2023 04:15:00,0.1174
03/10/2023 04:30:00,0.0064
03/10/2023 04:45:00,0.0040
03/10/2023 05:00:00,0.0041
03/10/2023 05:15:00,0.0887
03/10/2023 05:30:00,0.0664
03/10/2023 05:45:00,0.0039
03/10/2023 06:00:00,0.0038
03/10/2023 06:15:00,0.0211
03/10/2023 06:30:00,0.1183
03/10/2023 06:45:00,0.0169
03/10/2023 07:00:00,0.0043
03/10/2023 07:15:00,0.0000
03/10/2023 07:30:00,0.0595
03/10/2023 07:45:00,0.0871
03/10/2023 08:00:00,0.0042
03/10/2023 08:15:00,0.0141
03/10/2023 08:30:00,0.0100
03/10/2023 08:45:00,0.0795
03/10/2023 09:00:00,0.0650
03/10/2023 09:15:00,0.0055
03/10/2023 09:30:00,0.0023
03/10/2023 09:45:00,0.0023
03/10/2023 10:00:00,0.1014
03/10/2023 10:15:00,0.0443
03/10/2023 10:30:00,0.0021
03/10/2023 10:45:00,0.0027
03/10/2023 11:00:00,0.0205
03/10/2023 11:15:00,0.1188
03/10/2023 11:30:00,0.0761
03/10/2023 11:45:00,0.0019
03/10/2023 12:00:00,0.0019
03/10/2023 12:15:00,0.0639
03/10/2023 12:30:00,0.0810
03/10/2023 12:45:00,0.0019
03/10/2023 13:00:00,0.0506
03/10/2023 13:15:00,0.0999
03/10/2023 13:30:00,0.0000
03/10/2023 13:45:00,0.0191
03/10/2023 14:00:00,0.1113
03/10/2023 14:15:00,0.1054
03/10/2023 14:30:00,0.0443
03/10/2023 14:45:00,0.0000
03/10/2023 15:00:00,0.0859
03/10/2023 15:15:00,0.1504
03/10/2023 15:30:00,0.2382
03/10/2023 15:45:00,0.0574
03/10/2023 16:00:00,0.0711
03/10/2023 16:15:00,0.1369
03/10/2023 16:30:00,0.1220
03/10/2023 16:45:00,0.1254
03/10/2023 17:00:00,0.1218
03/10/2023 17:15:00,0.1196
03/10/2023 17:30:00,0.0574
03/10/2023 17:45:00,0.0133
03/10/2023 18:00:00,0.0133
03/10/2023 18:15:00,0.0698
03/10/2023 18:30:00,0.1277
03/10/2023 18:45:00,0.1085
03/10/2023 19:00:00,0.0178
03/10/2023 19:15:00,0.0177
03/10/2023 19:30:00,0.0177
03/10/2023 19:45:00,0.0955
03/10/2023 20:00:00,0.1285
03/10/2023 20:15:00,0.0702
03/10/2023 20:30:00,0.0176
03/10/2023 20:45:00,0.0177
03/10/2023 21:00:00,0.0215
03/10/2023 21:15:00,0.1322
03/10/2023 21:30:00,0.1406
03/10/2023 21:45:00,0.0785
03/10/2023 22:00:00,0.0039
03/10/2023 22:15:00,0.0039
03/10/2023 22:30:00,0.0037
03/10/2023 22:45:00,0.0638
03/10/2023 23:00:00,0.1179
03/10/2023 23:15:00,0.0517
03/10/2023 23:30:00,0.0039
03/10/2023 23:45:00,0.0039
03/11/2023 00:00:00,0.0038
03/11/2023 00:15:00,0.0723
03/11/2023 00:30:00,0.1174
03/11/2023 00:45:00,0.0357
03/11/2023 01:00:00,0.0038
03/11/2023 01:15:00,0.0039
03/11/2023 01:30:00,0.0038
03/11/2023 01:45:00,0.0712
03/11/2023 02:00:00,0.1169
03/11/2023 02:15:00,0.0301
03/11/2023 02:30:00,0.0039
03/11/2023 02:45:00,0.0038
03/11/2023 03:00:00,0.0041
03/11/2023 03:15:00,0.0639
03/11/2023 03:30:00,0.1175
03/11/2023 03:45:00,0.0290
03/11/2023 04:00:00,0.0038
03/11/2023 04:15:00,0.0038
03/11/2023 04:30:00,0.0038
03/11/2023 04:45:00,0.0040
03/11/2023 05:00:00,0.0036
03/11/2023 05:15:00,0.1193
03/11/2023 05:30:00,0.1049
03/11/2023 05:45:00,0.0038
03/11/2023 06:00:00,0.0036
03/11/2023 06:15:00,0.0039
03/11/2023 06:30:00,0.0042
03/11/2023 06:45:00,0.0048
03/11/2023 07:00:00,0.0432
03/11/2023 07:15:00,0.1142
03/11/2023 07:30:00,0.0565
03/11/2023 07:45:00,0.0000
03/11/2023 08:00:00,0.0000
03/11/2023 08:15:00,0.0000
03/11/2023 08:30:00,0.0706
03/11/2023 08:45:00,0.1162
03/11/2023 09:00:00,0.1737
03/11/2023 09:15:00,0.1313
03/11/2023 09:30:00,0.1273
03/11/2023 09:45:00,0.1256
03/11/2023 10:00:00,0.1252
03/11/2023 10:15:00,0.1247
03/11/2023 10:30:00,0.1600
03/11/2023 10:45:00,0.1269
03/11/2023 11:00:00,0.3356
03/11/2023 11:15:00,0.0005
03/11/2023 11:30:00,0.0002
03/11/2023 11:45:00,0.0710
03/11/2023 12:00:00,0.1079
03/11/2023 12:15:00,0.0417
03/11/2023 12:30:00,0.0159
03/11/2023 12:45:00,0.0188
03/11/2023 13:00:00,0.0182
03/11/2023 13:15:00,0.0176
03/11/2023 13:30:00,0.0495
03/11/2023 13:45:00,0.1213
03/11/2023 14:00:00,0.0970
03/11/2023 14:15:00,0.0021
03/11/2023 14:30:00,0.0051
03/11/2023 14:45:00,0.0712
03/11/2023 15:00:00,0.1315
03/11/2023 15:15:00,0.1080
03/11/2023 15:30:00,0.0565
03/11/2023 15:45:00,0.0664
03/11/2023 16:00:00,0.0702
03/11/2023 16:15:00,0.1715
03/11/2023 16:30:00,0.1563
03/11/2023 16:45:00,0.2272
03/11/2023 17:00:00,0.0710
03/11/2023 17:15:00,0.0648
03/11/2023 17:30:00,0.1348
03/11/2023 17:45:00,0.1621
03/11/2023 18:00:00,0.1559
03/11/2023 18:15:00,0.0968
03/11/2023 18:30:00,0.0456
03/11/2023 18:45:00,0.0478
03/11/2023 19:00:00,0.0570
03/11/2023 19:15:00,0.1655
03/11/2023 19:30:00,0.1591
03/11/2023 19:45:00,0.0650
03/11/2023 20:00:00,0.0479
03/11/2023 20:15:00,0.0480
03/11/2023 20:30:00,0.1420
03/11/2023 20:45:00,0.1598
03/11/2023 21:00:00,0.0678
03/11/2023 21:15:00,0.0480
03/11/2023 21:30:00,0.0376
03/11/2023 21:45:00,0.0883
03/11/2023 22:00:00,0.1178
03/11/2023 22:15:00,0.0308
03/11/2023 22:30:00,0.0039
03/11/2023 22:45:00,0.0042
03/11/2023 23:00:00,0.0039
03/11/2023 23:15:00,0.1125
03/11/2023 23:30:00,0.1166
03/11/2023 23:45:00,0.0138
03/12/2023 00:00:00,0.0042
03/12/2023 00:15:00,0.0043
03/12/2023 00:30:00,0.0042
03/12/2023 00:45:00,0.1240
03/12/2023 01:00:00,0.1129
03/12/2023 01:15:00,0.0043
03/12/2023 01:30:00,0.0042
03/12/2023 01:45:00,0.0044
03/12/2023 03:00:00,0.0042
03/12/2023 03:15:00,0.1212
03/12/2023 03:30:00,0.1138
03/12/2023 03:45:00,0.0041
03/12/2023 04:00:00,0.0042
03/12/2023 04:15:00,0.0042
03/12/2023 04:30:00,0.0041
03/12/2023 04:45:00,0.0918
03/12/2023 05:00:00,0.1170
03/12/2023 05:15:00,0.0245
03/12/2023 05:30:00,0.0039
03/12/2023 05:45:00,0.0041
03/12/2023 06:00:00,0.0042
03/12/2023 06:15:00,0.0391
03/12/2023 06:30:00,0.1200
03/12/2023 06:45:00,0.0710
03/12/2023 07:00:00,0.0150
03/12/2023 07:15:00,0.0254
03/12/2023 07:30:00,0.0315
03/12/2023 07:45:00,0.0098
03/12/2023 08:00:00,0.0819
03/12/2023 08:15:00,0.1112
03/12/2023 08:30:00,0.0216
03/12/2023 08:45:00,0.0000
03/12/2023 09:00:00,0.0073
03/12/2023 09:15:00,0.1630
03/12/2023 09:30:00,0.0144
03/12/2023 09:45:00,0.1112
03/12/2023 10:00:00,0.1044
03/12/2023 10:15:00,0.0000
03/12/2023 10:30:00,0.0000
03/12/2023 10:45:00,0.0000
03/12/2023 11:00:00,0.0000
03/12/2023 11:15:00,0.0178
03/12/2023 11:30:00,0.1163
03/12/2023 11:45:00,0.0813
03/12/2023 12:00:00,0.0000
03/12/2023 12:15:00,0.0000
03/12/2023 12:30:00,0.0000
03/12/2023 12:45:00,0.0000
03/12/2023 13:00:00,0.0825
03/12/2023 13:15:00,0.1109
03/12/2023 13:30:00,0.0347
03/12/2023 13:45:00,0.0000
03/12/2023 14:00:00,0.0000
03/12/2023 14:15:00,0.0000
03/12/2023 14:30:00,0.0551
03/12/2023 14:45:00,0.1143
03/12/2023 15:00:00,0.1083
03/12/2023 15:15:00,0.0116
03/12/2023 15:30:00,0.0000
03/12/2023 15:45:00,0.0582
03/12/2023 16:00:00,0.1110
03/12/2023 16:15:00,0.0689
03/12/2023 16:30:00,0.3226
03/12/2023 16:45:00,0.0067
03/12/2023 17:00:00,0.0034
03/12/2023 17:15:00,0.0895
03/12/2023 17:30:00,0.1251
03/12/2023 17:45:00,0.1177
03/12/2023 18:00:00,0.0128
03/12/2023 18:15:00,0.0048
03/12/2023 18:30:00,0.0050
03/12/2023 18:45:00,0.0089
03/12/2023 19:00:00,0.0994
03/12/2023 19:15:00,0.1495
03/12/2023 19:30:00,0.2102
03/12/2023 19:45:00,0.2596
03/12/2023 20:00:00,0.0484
03/12/2023 20:15:00,0.1547
03/12/2023 20:30:00,0.1707
03/12/2023 20:45:00,0.1640
03/12/2023 21:00:00,0.1314
03/12/2023 21:15:00,0.0498
03/12/2023 21:30:00,0.0526
03/12/2023 21:45:00,0.2403
03/12/2023 22:00:00,0.2724
03/12/2023 22:15:00,0.1765
03/12/2023 22:30:00,0.0055
03/12/2023 22:45:00,0.0047
03/12/2023 23:00:00,0.0041
03/12/2023 23:15:00,0.0784
03/12/2023 23:30:00,0.1184
03/12/2023 23:45:00,0.0429
03/13/2023 00:00:00,0.0042
03/13/2023 00:15:00,0.0044
03/13/2023 00:30:00,0.0043
03/13/2023 00:45:00,0.1081
03/13/2023 01:00:00,0.1078
03/13/2023 01:15:00,0.0042
03/13/2023 01:30:00,0.0043
03/13/2023 01:45:00,0.0044
03/13/2023 02:00:00,0.0046
03/13/2023 02:15:00,0.0617
03/13/2023 02:30:00,0.1194
03/13/2023 02:45:00,0.0479
03/13/2023 03:00:00,0.0043
03/13/2023 03:15:00,0.0042
03/13/2023 03:30:00,0.0041
03/13/2023 03:45:00,0.0042
03/13/2023 04:00:00,0.0760
03/13/2023 04:15:00,0.1179
03/13/2023 04:30:00,0.0339
03/13/2023 04:45:00,0.0041
03/13/2023 05:00:00,0.0039
03/13/2023 05:15:00,0.0039
03/13/2023 05:30:00,0.0041
03/13/2023 05:45:00,0.0876
03/13/2023 06:00:00,0.1161
03/13/2023 06:15:00,0.0166
03/13/2023 06:30:00,0.0040
03/13/2023 06:45:00,0.0130
03/13/2023 07:00:00,0.0075
03/13/2023 07:15:00,0.0645
03/13/2023 07:30:00,0.1167
03/13/2023 07:45:00,0.0136
03/13/2023 08:00:00,0.0029
03/13/2023 08:15:00,0.0000
03/13/2023 08:30:00,0.0000
03/13/2023 08:45:00,0.0000
03/13/2023 09:00:00,0.0497
03/13/2023 09:15:00,0.1137
03/13/2023 09:30:00,0.0301
03/13/2023 09:45:00,0.0000
03/13/2023 10:00:00,0.0000
03/13/2023 10:15:00,0.0000
03/13/2023 10:30:00,0.0000
03/13/2023 10:45:00,0.3770
03/13/2023 11:00:00,0.2233
03/13/2023 11:15:00,0.0001
03/13/2023 11:30:00,0.0000
03/13/2023 11:45:00,0.0752
03/13/2023 12:00:00,0.0741
03/13/2023 12:15:00,0.0000
03/13/2023 12:30:00,0.0000
03/13/2023 12:45:00,0.0000
03/13/2023 13:00:00,0.0855
03/13/2023 13:15:00,0.0764
03/13/2023 13:30:00,0.0000
03/13/2023 13:45:00,0.0000
03/13/2023 14:00:00,0.0000
03/13/2023 14:15:00,0.1035
03/13/2023 14:30:00,0.0602
03/13/2023 14:45:00,0.0046
03/13/2023 15:00:00,0.0000
03/13/2023 15:15:00,0.0703
03/13/2023 15:30:00,0.0946
03/13/2023 15:45:00,0.0000
03/13/2023 16:00:00,0.0000
03/13/2023 16:15:00,0.0690
03/13/2023 16:30:00,0.0923
03/13/2023 16:45:00,0.0000
03/13/2023 17:00:00,0.0000
03/13/2023 17:15:00,0.0703
03/13/2023 17:30:00,0.0992
03/13/2023 17:45:00,0.0000
03/13/2023 18:00:00,0.0047
03/13/2023 18:15:00,0.1149
03/13/2023 18:30:00,0.1081
03/13/2023 18:45:00,0.1060
03/13/2023 19:00:00,0.1049
03/13/2023 19:15:00,0.1040
03/13/2023 19:30:00,0.0315
03/13/2023 19:45:00,0.0665
03/13/2023 20:00:00,0.1435
03/13/2023 20:15:00,0.2667
03/13/2023 20:30:00,0.1559
03/13/2023 20:45:00,0.1691
03/13/2023 21:00:00,0.2240
03/13/2023 21:15:00,0.1990
03/13/2023 21:30:00,0.2648
03/13/2023 21:45:00,0.1510
03/13/2023 22:00:00,0.0791
03/13/2023 22:15:00,0.0329
03/13/2023 22:30:00,0.0331
03/13/2023 22:45:00,0.1228
03/13/2023 23:00:00,0.1044
03/13/2023 23:15:00,0.0037
03/13/2023 23:30:00,0.0039
03/13/2023 23:45:00,0.0527
03/14/2023 00:00:00,0.1175
03/14/2023 00:15:00,0.0168
03/14/2023 00:30:00,0.0045
03/14/2023 00:45:00,0.0512
03/14/2023 01:00:00,0.1168
03/14/2023 01:15:00,0.0250
03/14/2023 01:30:00,0.0041
03/14/2023 01:45:00,0.0041
03/14/2023 02:00:00,0.0038
03/14/2023 02:15:00,0.0039
03/14/2023 02:30:00,0.0039
03/14/2023 02:45:00,0.0686
03/14/2023 03:00:00,0.1197
03/14/2023 03:15:00,0.0706
03/14/2023 03:30:00,0.0039
03/14/2023 03:45:00,0.0039
03/14/2023 04:00:00,0.0055
03/14/2023 04:15:00,0.1214
03/14/2023 04:30:00,0.0622
03/14/2023 04:45:00,0.0037
03/14/2023 05:00:00,0.0037
03/14/2023 05:15:00,0.0036
03/14/2023 05:30:00,0.1125
03/14/2023 05:45:00,0.0613
03/14/2023 06:00:00,0.0034
03/14/2023 06:15:00,0.0035
03/14/2023 06:30:00,0.0034
03/14/2023 06:45:00,0.0981
03/14/2023 07:00:00,0.0716
03/14/2023 07:15:00,0.0035
03/14/2023 07:30:00,0.0039
03/14/2023 07:45:00,0.0048
03/14/2023 08:00:00,0.0490
03/14/2023 08:15:00,0.1099
03/14/2023 08:30:00,0.0000
03/14/2023 08:45:00,0.0000
03/14/2023 09:00:00,0.0000
03/14/2023 09:15:00,0.0005
03/14/2023 09:30:00,0.0435
03/14/2023 09:45:00,0.2173
03/14/2023 10:00:00,0.1616
03/14/2023 10:15:00,0.1128
03/14/2023 10:30:00,0.3512
03/14/2023 10:45:00,0.0000
03/14/2023 11:00:00,0.0580
03/14/2023 11:15:00,0.1121
03/14/2023 11:30:00,0.0155
03/14/2023 11:45:00,0.0000
03/14/2023 12:00:00,0.0000
03/14/2023 12:15:00,0.0000
03/14/2023 12:30:00,0.0729
03/14/2023 12:45:00,0.1108
03/14/2023 13:00:00,0.0013
03/14/2023 13:15:00,0.0000
03/14/2023 13:30:00,0.0171
03/14/2023 13:45:00,0.1154
03/14/2023 14:00:00,0.0919
03/14/2023 14:15:00,0.0000
03/14/2023 14:30:00,0.0019
03/14/2023 14:45:00,0.0000
03/14/2023 15:00:00,0.0625
03/14/2023 15:15:00,0.1097
03/14/2023 15:30:00,0.0310
03/14/2023 15:45:00,0.0163
03/14/2023 16:00:00,0.0346
03/14/2023 16:15:00,0.1115
03/14/2023 16:30:00,0.0319
03/14/2023 16:45:00,0.0000
03/14/2023 17:00:00,0.0000
03/14/2023 17:15:00,0.1139
03/14/2023 17:30:00,0.0728
03/14/2023 17:45:00,0.0000
03/14/2023 18:00:00,0.0041
03/14/2023 18:15:00,0.2426
03/14/2023 18:30:00,0.1102
03/14/2023 18:45:00,0.0229
03/14/2023 19:00:00,0.0123
03/14/2023 19:15:00,0.0420
03/14/2023 19:30:00,0.1514
03/14/2023 19:45:00,0.1890
03/14/2023 20:00:00,0.0952
03/14/2023 20:15:00,0.1044
03/14/2023 20:30:00,0.1079
03/14/2023 20:45:00,0.3628
03/14/2023 21:00:00,0.2637
03/14/2023 21:15:00,0.1443
03/14/2023 21:30:00,0.0706
03/14/2023 21:45:00,0.1823
03/14/2023 22:00:00,0.2570
03/14/2023 22:15:00,0.2316
03/14/2023 22:30:00,0.2059
03/14/2023 22:45:00,0.1420
03/14/2023 23:00:00,0.0162
03/14/2023 23:15:00,0.1339
03/14/2023 23:30:00,0.1254
03/14/2023 23:45:00,0.1189
03/15/2023 00:00:00,0.0282
03/15/2023 00:15:00,0.0043
03/15/2023 00:30:00,0.0041
03/15/2023 00:45:00,0.0043
03/15/2023 01:00:00,0.0044
03/15/2023 01:15:00,0.0043
03/15/2023 01:30:00,0.1036
03/15/2023 01:45:00,0.1191
03/15/2023 02:00:00,0.0608
03/15/2023 02:15:00,0.0043
03/15/2023 02:30:00,0.0044
03/15/2023 02:45:00,0.0961
03/15/2023 03:00:00,0.0826
03/15/2023 03:15:00,0.0042
03/15/2023 03:30:00,0.0042
03/15/2023 03:45:00,0.0042
03/15/2023 04:00:00,0.0901
03/15/2023 04:15:00,0.0939
03/15/2023 04:30:00,0.0042
03/15/2023 04:45:00,0.0042
03/15/2023 05:00:00,0.0041
03/15/2023 05:15:00,0.0743
03/15/2023 05:30:00,0.1032
03/15/2023 05:45:00,0.0040
03/15/2023 06:00:00,0.0042
03/15/2023 06:15:00,0.0042
03/15/2023 06:30:00,0.0523
03/15/2023 06:45:00,0.1169
03/15/2023 07:00:00,0.0060
03/15/2023 07:15:00,0.0038
03/15/2023 07:30:00,0.0042
03/15/2023 07:45:00,0.0253
03/15/2023 08:00:00,0.1161
03/15/2023 08:15:00,0.0223
03/15/2023 08:30:00,0.0000
03/15/2023 08:45:00,0.0000
03/15/2023 09:00:00,0.0135
03/15/2023 09:15:00,0.1118
03/15/2023 09:30:00,0.1104
03/15/2023 09:45:00,0.0000
03/15/2023 10:00:00,0.0000
03/15/2023 10:15:00,0.0000
03/15/2023 10:30:00,0.0000
03/15/2023 10:45:00,0.0378
03/15/2023 11:00:00,0.1131
03/15/2023 11:15:00,0.0182
03/15/2023 11:30:00,0.0000
03/15/2023 11:45:00,0.0000
03/15/2023 12:00:00,0.0293
03/15/2023 12:15:00,0.1153
03/15/2023 12:30:00,0.0382
03/15/2023 12:45:00,0.0020
03/15/2023 13:00:00,0.0107
03/15/2023 13:15:00,0.0836
03/15/2023 13:30:00,0.1123
03/15/2023 13:45:00,0.0234
03/15/2023 14:00:00,0.0028
03/15/2023 14:15:00,0.0025
03/15/2023 14:30:00,0.0487
03/15/2023 14:45:00,0.1150
03/15/2023 15:00:00,0.0325
03/15/2023 15:15:00,0.0000
03/15/2023 15:30:00,0.0000
03/15/2023 15:45:00,0.1055
03/15/2023 16:00:00,0.0626
03/15/2023 16:15:00,0.1116
03/15/2023 16:30:00,0.0508
03/15/2023 16:45:00,0.0000
03/15/2023 17:00:00,0.0116
03/15/2023 17:15:00,0.0846
03/15/2023 17:30:00,0.1799
03/15/2023 17:45:00,0.1316
03/15/2023 18:00:00,0.1230
03/15/2023 18:15:00,0.0317
03/15/2023 18:30:00,0.0536
03/15/2023 18:45:00,0.0429
03/15/2023 19:00:00,0.1234
03/15/2023 19:15:00,0.1330
03/15/2023 19:30:00,0.0558
03/15/2023 19:45:00,0.0656
03/15/2023 20:00:00,0.1610
03/15/2023 20:15:00,0.1620
03/15/2023 20:30:00,0.2254
03/15/2023 20:45:00,0.2786
03/15/2023 21:00:00,0.2319
03/15/2023 21:15:00,0.1587
03/15/2023 21:30:00,0.1576
03/15/2023 21:45:00,0.3038
03/15/2023 22:00:00,0.3215
03/15/2023 22:15:00,0.1633
03/15/2023 22:30:00,0.0746
03/15/2023 22:45:00,0.0025
03/15/2023 23:00:00,0.0665
03/15/2023 23:15:00,0.1171
03/15/2023 23:30:00,0.1721
03/15/2023 23:45:00,0.2170
03/16/2023 00:00:00,0.0014
03/16/2023 00:15:00,0.1098
03/16/2023 00:30:00,0.1257
03/16/2023 00:45:00,0.1194
03/16/2023 01:00:00,0.0584
03/16/2023 01:15:00,0.0017
03/16/2023 01:30:00,0.0018
03/16/2023 01:45:00,0.0016
03/16/2023 02:00:00,0.0017
03/16/2023 02:15:00,0.0016
03/16/2023 02:30:00,0.0015
03/16/2023 02:45:00,0.0015
03/16/2023 03:00:00,0.0518
03/16/2023 03:15:00,0.1237
03/16/2023 03:30:00,0.1171
03/16/2023 03:45:00,0.0408
03/16/2023 04:00:00,0.0014
03/16/2023 04:15:00,0.0015
03/16/2023 04:30:00,0.0743
03/16/2023 04:45:00,0.1169
03/16/2023 05:00:00,0.0167
03/16/2023 05:15:00,0.0014
03/16/2023 05:30:00,0.0015
03/16/2023 05:45:00,0.0215
03/16/2023 06:00:00,0.1188
03/16/2023 06:15:00,0.0609
03/16/2023 06:30:00,0.0015
03/16/2023 06:45:00,0.0014
03/16/2023 07:00:00,0.0013
03/16/2023 07:15:00,0.0677
03/16/2023 07:30:00,0.1166
03/16/2023 07:45:00,0.0066
03/16/2023 08:00:00,0.0000
03/16/2023 08:15:00,0.0000
03/16/2023 08:30:00,0.0017
03/16/2023 08:45:00,0.1246
03/16/2023 09:00:00,0.0671
03/16/2023 09:15:00,0.0184
03/16/2023 09:30:00,0.1437
03/16/2023 09:45:00,0.1199
03/16/2023 10:00:00,0.0789
03/16/2023 10:15:00,0.0882
03/16/2023 10:30:00,0.0026
03/16/2023 10:45:00,0.0000
03/16/2023 11:00:00,0.0000
03/16/2023 11:15:00,0.0445
03/16/2023 11:30:00,0.1126
03/16/2023 11:45:00,0.1722
03/16/2023 12:00:00,0.0000
03/16/2023 12:15:00,0.0000
03/16/2023 12:30:00,0.1106
03/16/2023 12:45:00,0.0216
03/16/2023 13:00:00,0.0067
03/16/2023 13:15:00,0.0000
03/16/2023 13:30:00,0.0694
03/16/2023 13:45:00,0.0864
03/16/2023 14:00:00,0.0339
03/16/2023 14:15:00,0.0458
03/16/2023 14:30:00,0.1391
03/16/2023 14:45:00,0.0186
03/16/2023 15:00:00,0.0057
03/16/2023 15:15:00,0.0000
03/16/2023 15:30:00,0.1030
03/16/2023 15:45:00,0.0441
03/16/2023 16:00:00,0.0000
03/16/2023 16:15:00,0.0000
03/16/2023 16:30:00,0.1098
03/16/2023 16:45:00,0.0365
03/16/2023 17:00:00,0.0000
03/16/2023 17:15:00,0.0226
03/16/2023 17:30:00,0.1135
03/16/2023 17:45:00,0.0133
03/16/2023 18:00:00,0.0000
03/16/2023 18:15:00,0.0458
03/16/2023 18:30:00,0.1069
03/16/2023 18:45:00,0.0000
03/16/2023 19:00:00,0.0000
03/16/2023 19:15:00,0.0609
03/16/2023 19:30:00,0.0943
03/16/2023 19:45:00,0.0018
03/16/2023 20:00:00,0.0016
03/16/2023 20:15:00,0.0697
03/16/2023 20:30:00,0.0902
03/16/2023 20:45:00,0.0017
03/16/2023 21:00:00,0.0017
03/16/2023 21:15:00,0.0692
03/16/2023 21:30:00,0.0866
03/16/2023 21:45:00,0.0016
03/16/2023 22:00:00,0.0015
03/16/2023 22:15:00,0.0564
03/16/2023 22:30:00,0.0996
03/16/2023 22:45:00,0.0014
03/16/2023 23:00:00,0.0015
03/16/2023 23:15:00,0.0186
03/16/2023 23:30:00,0.1191
03/16/2023 23:45:00,0.0211
03/17/2023 00:00:00,0.0016
03/17/2023 00:15:00,0.0333
03/17/2023 00:30:00,0.0518
03/17/2023 00:45:00,0.0686
03/17/2023 01:00:00,0.0015
03/17/2023 01:15:00,0.0015
03/17/2023 01:30:00,0.0168
03/17/2023 01:45:00,0.1185
03/17/2023 02:00:00,0.0253
03/17/2023 02:15:00,0.0014
03/17/2023 02:30:00,0.0014
03/17/2023 02:45:00,0.0625
03/17/2023 03:00:00,0.0927
03/17/2023 03:15:00,0.0016
03/17/2023 03:30:00,0.0015
03/17/2023 03:45:00,0.0014
03/17/2023 04:00:00,0.0944
03/17/2023 04:15:00,0.1764
03/17/2023 04:30:00,0.2004
03/17/2023 04:45:00,0.0012
03/17/2023 05:00:00,0.1118
03/17/2023 05:15:00,0.1215
03/17/2023 05:30:00,0.0902
03/17/2023 05:45:00,0.0013
03/17/2023 06:00:00,0.0016
03/17/2023 06:15:00,0.0012
03/17/2023 06:30:00,0.0013
03/17/2023 06:45:00,0.0025
03/17/2023 07:00:00,0.1233
03/17/2023 07:15:00,0.0747
03/17/2023 07:30:00,0.0017
03/17/2023 07:45:00,0.0022
03/17/2023 08:00:00,0.0025
03/17/2023 08:15:00,0.0000
03/17/2023 08:30:00,0.0335
03/17/2023 08:45:00,0.1131
03/17/2023 09:00:00,0.0274
03/17/2023 09:15:00,0.0000
03/17/2023 09:30:00,0.0000
03/17/2023 09:45:00,0.0000
03/17/2023 10:00:00,0.0000
03/17/2023 10:15:00,0.0692
03/17/2023 10:30:00,0.1026
03/17/2023 10:45:00,0.0000
03/17/2023 11:00:00,0.0000
03/17/2023 11:15:00,0.0000
03/17/2023 11:30:00,0.0000
03/17/2023 11:45:00,0.0147
03/17/2023 12:00:00,0.1148
03/17/2023 12:15:00,0.0458
03/17/2023 12:30:00,0.0000
03/17/2023 12:45:00,0.0000
03/17/2023 13:00:00,0.0000
03/17/2023 13:15:00,0.0000
03/17/2023 13:30:00,0.1053
03/17/2023 13:45:00,0.0766
03/17/2023 14:00:00,0.0000
03/17/2023 14:15:00,0.0000
03/17/2023 14:30:00,0.0000
03/17/2023 14:45:00,0.0000
03/17/2023 15:00:00,0.1120
03/17/2023 15:15:00,0.0793
03/17/2023 15:30:00,0.0000
03/17/2023 15:45:00,0.0000
03/17/2023 16:00:00,0.0000
03/17/2023 16:15:00,0.0537
03/17/2023 16:30:00,0.1132
03/17/2023 16:45:00,0.0239
03/17/2023 17:00:00,0.0000
03/17/2023 17:15:00,0.0000
03/17/2023 17:30:00,0.0085
03/17/2023 17:45:00,0.1171
03/17/2023 18:00:00,0.0638
03/17/2023 18:15:00,0.0000
03/17/2023 18:30:00,0.0000
03/17/2023 18:45:00,0.0000
03/17/2023 19:00:00,0.0944
03/17/2023 19:15:00,0.0996
03/17/2023 19:30:00,0.0015
03/17/2023 19:45:00,0.0013
03/17/2023 20:00:00,0.0013
03/17/2023 20:15:00,0.0506
03/17/2023 20:30:00,0.1176
03/17/2023 20:45:00,0.0256
03/17/2023 21:00:00,0.0013
03/17/2023 21:15:00,0.0011
03/17/2023 21:30:00,0.0028
03/17/2023 21:45:00,0.1223
03/17/2023 22:00:00,0.0674
03/17/2023 22:15:00,0.0012
03/17/2023 22:30:00,0.0013
03/17/2023 22:45:00,0.0013
03/17/2023 23:00:00,0.0560
03/17/2023 23:15:00,0.1173
03/17/2023 23:30:00,0.0201
03/17/2023 23:45:00,0.0013
03/18/2023 00:00:00,0.0012
03/18/2023 00:15:00,0.0013
03/18/2023 00:30:00,0.0804
03/18/2023 00:45:00,0.1092
03/18/2023 01:00:00,0.0013
03/18/2023 01:15:00,0.0012
03/18/2023 01:30:00,0.0014
03/18/2023 01:45:00,0.0012
03/18/2023 02:00:00,0.1112
03/18/2023 02:15:00,0.0761
03/18/2023 02:30:00,0.0013
03/18/2023 02:45:00,0.0013
03/18/2023 03:00:00,0.0013
03/18/2023 03:15:00,0.0012
03/18/2023 03:30:00,0.1194
03/18/2023 03:45:00,0.0638
03/18/2023 04:00:00,0.0013
03/18/2023 04:15:00,0.0014
03/18/2023 04:30:00,0.0012
03/18/2023 04:45:00,0.0012
03/18/2023 05:00:00,0.1186
03/18/2023 05:15:00,0.0617
03/18/2023 05:30:00,0.0011
03/18/2023 05:45:00,0.0013
03/18/2023 06:00:00,0.0013
03/18/2023 06:15:00,0.0011
03/18/2023 06:30:00,0.1108
03/18/2023 06:45:00,0.0698
03/18/2023 07:00:00,0.0011
03/18/2023 07:15:00,0.0011
03/18/2023 07:30:00,0.0014
03/18/2023 07:45:00,0.0018
03/18/2023 08:00:00,0.0801
03/18/2023 08:15:00,0.0937
03/18/2023 08:30:00,0.0000
03/18/2023 08:45:00,0.0000
03/18/2023 09:00:00,0.0000
03/18/2023 09:15:00,0.0000
03/18/2023 09:30:00,0.0420
03/18/2023 09:45:00,0.1115
03/18/2023 10:00:00,0.0159
03/18/2023 10:15:00,0.0000
03/18/2023 10:30:00,0.0000
03/18/2023 10:45:00,0.0000
03/18/2023 11:00:00,0.0042
03/18/2023 11:15:00,0.1163
03/18/2023 11:30:00,0.0518
03/18/2023 11:45:00,0.0000
03/18/2023 12:00:00,0.0000
03/18/2023 12:15:00,0.0000
03/18/2023 12:30:00,0.0000
03/18/2023 12:45:00,0.0916
03/18/2023 13:00:00,0.1368
03/18/2023 13:15:00,0.2267
03/18/2023 13:30:00,0.0079
03/18/2023 13:45:00,0.0735
03/18/2023 14:00:00,0.1201
03/18/2023 14:15:00,0.1132
03/18/2023 14:30:00,0.0154
03/18/2023 14:45:00,0.0000
03/18/2023 15:00:00,0.0000
03/18/2023 15:15:00,0.0000
03/18/2023 15:30:00,0.0513
03/18/2023 15:45:00,0.1133
03/18/2023 16:00:00,0.0386
03/18/2023 16:15:00,0.0000
03/18/2023 16:30:00,0.0000
03/18/2023 16:45:00,0.0000
03/18/2023 17:00:00,0.0794
03/18/2023 17:15:00,0.1058
03/18/2023 17:30:00,0.0000
03/18/2023 17:45:00,0.0000
03/18/2023 18:00:00,0.0000
03/18/2023 18:15:00,0.0000
03/18/2023 18:30:00,0.1104
03/18/2023 18:45:00,0.0783
03/18/2023 19:00:00,0.0000
03/18/2023 19:15:00,0.0000
03/18/2023 19:30:00,0.0006
03/18/2023 19:45:00,0.0269
03/18/2023 20:00:00,0.1195
03/18/2023 20:15:00,0.0475
03/18/2023 20:30:00,0.0014
03/18/2023 20:45:00,0.0013
03/18/2023 21:00:00,0.0011
03/18/2023 21:15:00,0.0504
03/18/2023 21:30:00,0.1175
03/18/2023 21:45:00,0.0248
03/18/2023 22:00:00,0.0012
03/18/2023 22:15:00,0.0013
03/18/2023 22:30:00,0.0011
03/18/2023 22:45:00,0.0489
03/18/2023 23:00:00,0.1184
03/18/2023 23:15:00,0.0229
03/18/2023 23:30:00,0.0012
03/18/2023 23:45:00,0.0013
03/19/2023 00:00:00,0.0012
03/19/2023 00:15:00,0.0394
03/19/2023 00:30:00,0.1190
03/19/2023 00:45:00,0.0298
03/19/2023 01:00:00,0.0013
03/19/2023 01:15:00,0.0014
03/19/2023 01:30:00,0.0012
03/19/2023 01:45:00,0.0207
03/19/2023 02:00:00,0.1202
03/19/2023 02:15:00,0.0409
03/19/2023 02:30:00,0.0014
03/19/2023 02:45:00,0.0013
03/19/2023 03:00:00,0.0013
03/19/2023 03:15:00,0.0012
03/19/2023 03:30:00,0.1154
03/19/2023 03:45:00,0.0641
03/19/2023 04:00:00,0.0013
03/19/2023 04:15:00,0.0012
03/19/2023 04:30:00,0.0013
03/19/2023 04:45:00,0.0013
03/19/2023 05:00:00,0.0727
03/19/2023 05:15:00,0.1057
03/19/2023 05:30:00,0.0012
03/19/2023 05:45:00,0.0014
03/19/2023 06:00:00,0.0014
03/19/2023 06:15:00,0.0014
03/19/2023 06:30:00,0.0011
03/19/2023 06:45:00,0.1198
03/19/2023 07:00:00,0.0585
03/19/2023 07:15:00,0.0012
03/19/2023 07:30:00,0.0016
03/19/2023 07:45:00,0.0016
03/19/2023 08:00:00,0.0000
03/19/2023 08:15:00,0.0279
03/19/2023 08:30:00,0.1124
03/19/2023 08:45:00,0.0274
03/19/2023 09:00:00,0.0000
03/19/2023 09:15:00,0.0000
03/19/2023 09:30:00,0.0000
03/19/2023 09:45:00,0.0000
03/19/2023 10:00:00,0.0333
03/19/2023 10:15:00,0.1122
03/19/2023 10:30:00,0.0226
03/19/2023 10:45:00,0.0000
03/19/2023 11:00:00,0.0000
03/19/2023 11:15:00,0.0000
03/19/2023 11:30:00,0.0000
03/19/2023 11:45:00,0.0487
03/19/2023 12:00:00,0.1113
03/19/2023 12:15:00,0.0113
03/19/2023 12:30:00,0.0000
03/19/2023 12:45:00,0.0000
03/19/2023 13:00:00,0.0000
03/19/2023 13:15:00,0.0000
03/19/2023 13:30:00,0.1070
03/19/2023 13:45:00,0.0677
03/19/2023 14:00:00,0.0000
03/19/2023 14:15:00,0.0000
03/19/2023 14:30:00,0.0000
03/19/2023 14:45:00,0.0000
03/19/2023 15:00:00,0.1067
03/19/2023 15:15:00,0.0709
03/19/2023 15:30:00,0.0000
03/19/2023 15:45:00,0.0000
03/19/2023 16:00:00,0.0000
03/19/2023 16:15:00,0.0417
03/19/2023 16:30:00,0.1139
03/19/2023 16:45:00,0.0253
03/19/2023 17:00:00,0.0000
03/19/2023 17:15:00,0.0000
03/19/2023 17:30:00,0.0000
03/19/2023 17:45:00,0.1112
03/19/2023 18:00:00,0.0789
03/19/2023 18:15:00,0.0000
03/19/2023 18:30:00,0.0000
03/19/2023 18:45:00,0.0000
03/19/2023 19:00:00,0.0565
03/19/2023 19:15:00,0.1129
03/19/2023 19:30:00,0.0181
03/19/2023 19:45:00,0.0019
03/19/2023 20:00:00,0.0014
03/19/2023 20:15:00,0.0016
03/19/2023 20:30:00,0.1224
03/19/2023 20:45:00,0.0678
03/19/2023 21:00:00,0.0015
03/19/2023 21:15:00,0.0015
03/19/2023 21:30:00,0.0013
03/19/2023 21:45:00,0.0543
03/19/2023 22:00:00,0.1177
03/19/2023 22:15:00,0.2169
03/19/2023 22:30:00,0.0933
03/19/2023 22:45:00,0.0255
03/19/2023 23:00:00,0.1310
03/19/2023 23:15:00,0.1195
03/19/2023 23:30:00,0.0698
03/19/2023 23:45:00,0.0013
03/20/2023 00:00:00,0.0015
03/20/2023 00:15:00,0.0015
03/20/2023 00:30:00,0.0080
03/20/2023 00:45:00,0.1224
03/20/2023 01:00:00,0.0694
03/20/2023 01:15:00,0.0014
03/20/2023 01:30:00,0.0015
03/20/2023 01:45:00,0.0640
03/20/2023 02:00:00,0.0871
03/20/2023 02:15:00,0.0015
03/20/2023 02:30:00,0.0012
03/20/2023 02:45:00,0.0012
03/20/2023 03:00:00,0.0013
03/20/2023 03:15:00,0.0158
03/20/2023 03:30:00,0.1203
03/20/2023 03:45:00,0.0453
03/20/2023 04:00:00,0.0014
03/20/2023 04:15:00,0.0013
03/20/2023 04:30:00,0.0013
03/20/2023 04:45:00,0.0014
03/20/2023 05:00:00,0.0585
03/20/2023 05:15:00,0.1174
03/20/2023 05:30:00,0.0037
03/20/2023 05:45:00,0.0013
03/20/2023 06:00:00,0.0013
03/20/2023 06:15:00,0.0011
03/20/2023 06:30:00,0.0012
03/20/2023 06:45:00,0.0604
03/20/2023 07:00:00,0.1160
03/20/2023 07:15:00,0.0012
03/20/2023 07:30:00,0.0015
03/20/2023 07:45:00,0.0020
03/20/2023 08:00:00,0.0017
03/20/2023 08:15:00,0.0000
03/20/2023 08:30:00,0.0000
03/20/2023 08:45:00,0.1108
03/20/2023 09:00:00,0.0591
03/20/2023 09:15:00,0.0000
03/20/2023 09:30:00,0.0000
03/20/2023 09:45:00,0.0000
03/20/2023 10:00:00,0.0000
03/20/2023 10:15:00,0.0000
03/20/2023 10:30:00,0.0171
03/20/2023 10:45:00,0.1149
03/20/2023 11:00:00,0.0410
03/20/2023 11:15:00,0.0000
03/20/2023 11:30:00,0.0000
03/20/2023 11:45:00,0.0000
03/20/2023 12:00:00,0.0000
03/20/2023 12:15:00,0.0000
03/20/2023 12:30:00,0.0894
03/20/2023 12:45:00,0.0872
03/20/2023 13:00:00,0.0000
03/20/2023 13:15:00,0.0000
03/20/2023 13:30:00,0.0000
03/20/2023 13:45:00,0.0000
03/20/2023 14:00:00,0.0259
03/20/2023 14:15:00,0.1146
03/20/2023 14:30:00,0.0374
03/20/2023 14:45:00,0.0000
03/20/2023 15:00:00,0.0000
03/20/2023 15:15:00,0.0000
03/20/2023 15:30:00,0.0399
03/20/2023 15:45:00,0.1134
03/20/2023 16:00:00,0.0267
03/20/2023 16:15:00,0.0000
03/20/2023 16:30:00,0.0000
03/20/2023 16:45:00,0.0000
03/20/2023 17:00:00,0.0832
03/20/2023 17:15:00,0.1017
03/20/2023 17:30:00,0.0000
03/20/2023 17:45:00,0.0000
03/20/2023 18:00:00,0.0000
03/20/2023 18:15:00,0.0559
03/20/2023 18:30:00,0.1127
03/20/2023 18:45:00,0.0185
03/20/2023 19:00:00,0.0000
03/20/2023 19:15:00,0.0000
03/20/2023 19:30:00,0.0183
03/20/2023 19:45:00,0.1195
03/20/2023 20:00:00,0.0556
03/20/2023 20:15:00,0.0015
03/20/2023 20:30:00,0.0015
03/20/2023 20:45:00,0.0015
03/20/2023 21:00:00,0.1005
03/20/2023 21:15:00,0.0892
03/20/2023 21:30:00,0.0017
03/20/2023 21:45:00,0.0015
03/20/2023 22:00:00,0.0013
03/20/2023 22:15:00,0.0532
03/20/2023 22:30:00,0.1170
03/20/2023 22:45:00,0.0177
03/20/2023 23:00:00,0.0014
03/20/2023 23:15:00,0.0015
03/20/2023 23:30:00,0.0013
03/20/2023 23:45:00,0.0977
03/21/2023 00:00:00,0.0881
03/21/2023 00:15:00,0.0015
03/21/2023 00:30:00,0.0014
03/21/2023 00:45:00,0.0015
03/21/2023 01:00:00,0.0055
03/21/2023 01:15:00,0.1218
03/21/2023 01:30:00,0.0569
03/21/2023 01:45:00,0.0014
03/21/2023 02:00:00,0.0014
03/21/2023 02:15:00,0.0699
03/21/2023 02:30:00,0.0801
03/21/2023 02:45:00,0.0015
03/21/2023 03:00:00,0.0013
03/21/2023 03:15:00,0.0016
03/21/2023 03:30:00,0.0015
03/21/2023 03:45:00,0.0424
03/21/2023 04:00:00,0.1178
03/21/2023 04:15:00,0.0192
03/21/2023 04:30:00,0.0013
03/21/2023 04:45:00,0.0014
03/21/2023 05:00:00,0.0013
03/21/2023 05:15:00,0.0013
03/21/2023 05:30:00,0.1065
03/21/2023 05:45:00,0.0672
03/21/2023 06:00:00,0.0014
03/21/2023 06:15:00,0.0012
03/21/2023 06:30:00,0.0012
03/21/2023 06:45:00,0.0012
03/21/2023 07:00:00,0.0104
03/21/2023 07:15:00,0.1201
03/21/2023 07:30:00,0.0459
03/21/2023 07:45:00,0.0029
03/21/2023 08:00:00,0.0000
03/21/2023 08:15:00,0.0000
03/21/2023 08:30:00,0.0000
03/21/2023 08:45:00,0.0000
03/21/2023 09:00:00,0.0728
03/21/2023 09:15:00,0.1233
03/21/2023 09:30:00,0.2226
03/21/2023 09:45:00,0.0312
03/21/2023 10:00:00,0.0578
03/21/2023 10:15:00,0.1185
03/21/2023 10:30:00,0.1090
03/21/2023 10:45:00,0.0000
03/21/2023 11:00:00,0.0000
03/21/2023 11:15:00,0.0000
03/21/2023 11:30:00,0.0000
03/21/2023 11:45:00,0.0000
03/21/2023 12:00:00,0.0133
03/21/2023 12:15:00,0.1171
03/21/2023 12:30:00,0.0619
03/21/2023 12:45:00,0.0000
03/21/2023 13:00:00,0.0000
03/21/2023 13:15:00,0.0331
03/21/2023 13:30:00,0.1112
03/21/2023 13:45:00,0.0038
03/21/2023 14:00:00,0.0000
03/21/2023 14:15:00,0.0000
03/21/2023 14:30:00,0.0000
03/21/2023 14:45:00,0.0373
03/21/2023 15:00:00,0.1139
03/21/2023 15:15:00,0.0325
03/21/2023 15:30:00,0.0000
03/21/2023 15:45:00,0.0000
03/21/2023 16:00:00,0.0000
03/21/2023 16:15:00,0.0730
03/21/2023 16:30:00,0.1114
03/21/2023 16:45:00,0.0093
03/21/2023 17:00:00,0.0000
03/21/2023 17:15:00,0.0000
03/21/2023 17:30:00,0.0294
03/21/2023 17:45:00,0.1149
03/21/2023 18:00:00,0.0493
03/21/2023 18:15:00,0.0000
03/21/2023 18:30:00,0.0000
03/21/2023 18:45:00,0.0000
03/21/2023 19:00:00,0.1175
03/21/2023 19:15:00,0.0752
03/21/2023 19:30:00,0.0000
03/21/2023 19:45:00,0.0017
03/21/2023 20:00:00,0.0014
03/21/2023 20:15:00,0.0937
03/21/2023 20:30:00,0.1067
03/21/2023 20:45:00,0.0015
03/21/2023 21:00:00,0.0014
03/21/2023 21:15:00,0.0014
03/21/2023 21:30:00,0.0653
03/21/2023 21:45:00,0.1170
03/21/2023 22:00:00,0.0121
03/21/2023 22:15:00,0.0013
03/21/2023 22:30:00,0.0013
03/21/2023 22:45:00,0.0296
03/21/2023 23:00:00,0.1197
03/21/2023 23:15:00,0.0480
03/21/2023 23:30:00,0.0013
03/21/2023 23:45:00,0.0014
03/22/2023 00:00:00,0.0014
03/22/2023 00:15:00,0.0903
03/22/2023 00:30:00,0.0994
03/22/2023 00:45:00,0.0015
03/22/2023 01:00:00,0.0018
03/22/2023 01:15:00,0.0016
03/22/2023 01:30:00,0.0252
03/22/2023 01:45:00,0.1201
03/22/2023 02:00:00,0.0454
03/22/2023 02:15:00,0.0015
03/22/2023 02:30:00,0.0013
03/22/2023 02:45:00,0.0014
03/22/2023 03:00:00,0.0562
03/22/2023 03:15:00,0.1174
03/22/2023 03:30:00,0.0127
03/22/2023 03:45:00,0.0014
03/22/2023 04:00:00,0.0015
03/22/2023 04:15:00,0.0015
03/22/2023 04:30:00,0.0537
03/22/2023 04:45:00,0.1171
03/22/2023 05:00:00,0.0120
03/22/2023 05:15:00,0.0014
03/22/2023 05:30:00,0.0015
03/22/2023 05:45:00,0.0014
03/22/2023 06:00:00,0.0263
03/22/2023 06:15:00,0.1188
03/22/2023 06:30:00,0.0385
03/22/2023 06:45:00,0.0013
03/22/2023 07:00:00,0.0011
03/22/2023 07:15:00,0.0013
03/22/2023 07:30:00,0.0018
03/22/2023 07:45:00,0.0624
03/22/2023 08:00:00,0.1112
03/22/2023 08:15:00,0.0000
03/22/2023 08:30:00,0.0000
03/22/2023 08:45:00,0.0000
03/22/2023 09:00:00,0.0000
03/22/2023 09:15:00,0.0000
03/22/2023 09:30:00,0.0721
03/22/2023 09:45:00,0.0997
03/22/2023 10:00:00,0.0000
03/22/2023 10:15:00,0.0000
03/22/2023 10:30:00,0.0000
03/22/2023 10:45:00,0.1008
03/22/2023 11:00:00,0.0303
03/22/2023 11:15:00,0.0000
03/22/2023 11:30:00,0.0000
03/22/2023 11:45:00,0.0140
03/22/2023 12:00:00,0.1130
03/22/2023 12:15:00,0.0107
03/22/2023 12:30:00,0.0000
03/22/2023 12:45:00,0.0000
03/22/2023 13:00:00,0.0648
03/22/2023 13:15:00,0.0731
03/22/2023 13:30:00,0.0000
03/22/2023 13:45:00,0.0000
03/22/2023 14:00:00,0.0380
03/22/2023 14:15:00,0.0995
03/22/2023 14:30:00,0.0000
03/22/2023 14:45:00,0.0000
03/22/2023 15:00:00,0.0323
03/22/2023 15:15:00,0.1103
03/22/2023 15:30:00,0.0000
03/22/2023 15:45:00,0.0000
03/22/2023 16:00:00,0.0000
03/22/2023 16:15:00,0.0000
03/22/2023 16:30:00,0.0909
03/22/2023 16:45:00,0.1191
03/22/2023 17:00:00,0.2269
03/22/2023 17:15:00,0.0393
03/22/2023 17:30:00,0.0552
03/22/2023 17:45:00,0.1236
03/22/2023 18:00:00,0.1169
03/22/2023 18:15:00,0.0919
03/22/2023 18:30:00,0.0000
03/22/2023 18:45:00,0.0000
03/22/2023 19:00:00,0.0000
03/22/2023 19:15:00,0.0965
03/22/2023 19:30:00,0.1148
03/22/2023 19:45:00,0.0166
03/22/2023 20:00:00,0.0017
03/22/2023 20:15:00,0.0017
03/22/2023 20:30:00,0.0712
03/22/2023 20:45:00,0.1178
03/22/2023 21:00:00,0.0256
03/22/2023 21:15:00,0.0015
03/22/2023 21:30:00,0.0016
03/22/2023 21:45:00,0.0441
03/22/2023 22:00:00,0.1194
03/22/2023 22:15:00,0.0473
03/22/2023 22:30:00,0.0015
03/22/2023 22:45:00,0.0015
03/22/2023 23:00:00,0.0048
03/22/2023 23:15:00,0.1226
03/22/2023 23:30:00,0.0776
03/22/2023 23:45:00,0.0015
03/23/2023 00:00:00,0.0015
03/23/2023 00:15:00,0.0016
03/23/2023 00:30:00,0.0796
03/23/2023 00:45:00,0.1140
03/23/2023 01:00:00,0.0016
03/23/2023 01:15:00,0.0016
03/23/2023 01:30:00,0.0015
03/23/2023 01:45:00,0.0318
03/23/2023 02:00:00,0.1191
03/23/2023 02:15:00,0.0431
03/23/2023 02:30:00,0.0016
03/23/2023 02:45:00,0.0016
03/23/2023 03:00:00,0.0015
03/23/2023 03:15:00,0.0838
03/23/2023 03:30:00,0.1047
03/23/2023 03:45:00,0.0016
03/23/2023 04:00:00,0.0016
03/23/2023 04:15:00,0.0015
03/23/2023 04:30:00,0.0015
03/23/2023 04:45:00,0.0994
03/23/2023 05:00:00,0.0876
03/23/2023 05:15:00,0.0014
03/23/2023 05:30:00,0.0014
03/23/2023 05:45:00,0.0014
03/23/2023 06:00:00,0.0014
03/23/2023 06:15:00,0.0920
03/23/2023 06:30:00,0.0855
03/23/2023 06:45:00,0.0017
03/23/2023 07:00:00,0.0014
03/23/2023 07:15:00,0.0014
03/23/2023 07:30:00,0.0021
03/23/2023 07:45:00,0.0550
03/23/2023 08:00:00,0.1120
03/23/2023 08:15:00,0.0074
03/23/2023 08:30:00,0.0000
03/23/2023 08:45:00,0.0000
03/23/2023 09:00:00,0.0000
03/23/2023 09:15:00,0.0000
03/23/2023 09:30:00,0.0970
03/23/2023 09:45:00,0.0727
03/23/2023 10:00:00,0.0000
03/23/2023 10:15:00,0.0000
03/23/2023 10:30:00,0.0000
03/23/2023 10:45:00,0.0000
03/23/2023 11:00:00,0.0273
03/23/2023 11:15:00,0.1135
03/23/2023 11:30:00,0.0319
03/23/2023 11:45:00,0.0000
03/23/2023 12:00:00,0.0000
03/23/2023 12:15:00,0.0000
03/23/2023 12:30:00,0.0000
03/23/2023 12:45:00,0.1010
03/23/2023 13:00:00,0.0778
03/23/2023 13:15:00,0.0000
03/23/2023 13:30:00,0.0000
03/23/2023 13:45:00,0.0000
03/23/2023 14:00:00,0.0000
03/23/2023 14:15:00,0.1094
03/23/2023 14:30:00,0.0757
03/23/2023 14:45:00,0.0000
03/23/2023 15:00:00,0.0000
03/23/2023 15:15:00,0.0000
03/23/2023 15:30:00,0.0450
03/23/2023 15:45:00,0.1121
03/23/2023 16:00:00,0.0369
03/23/2023 16:15:00,0.0000
03/23/2023 16:30:00,0.0000
03/23/2023 16:45:00,0.0227
03/23/2023 17:00:00,0.1144
03/23/2023 17:15:00,0.0611
03/23/2023 17:30:00,0.0000
03/23/2023 17:45:00,0.0000
03/23/2023 18:00:00,0.0169
03/23/2023 18:15:00,0.1150
03/23/2023 18:30:00,0.0679
03/23/2023 18:45:00,0.0000
03/23/2023 19:00:00,0.0000
03/23/2023 19:15:00,0.0202
03/23/2023 19:30:00,0.1167
03/23/2023 19:45:00,0.0661
03/23/2023 20:00:00,0.0018
03/23/2023 20:15:00,0.0016
03/23/2023 20:30:00,0.0218
03/23/2023 20:45:00,0.1200
03/23/2023 21:00:00,0.0634
03/23/2023 21:15:00,0.0015
03/23/2023 21:30:00,0.0016
03/23/2023 21:45:00,0.0226
03/23/2023 22:00:00,0.1201
03/23/2023 22:15:00,0.1697
03/23/2023 22:30:00,0.1858
03/23/2023 22:45:00,0.0012
03/23/2023 23:00:00,0.1047
03/23/2023 23:15:00,0.1250
03/23/2023 23:30:00,0.1198
03/23/2023 23:45:00,0.0501
03/24/2023 00:00:00,0.0014
03/24/2023 00:15:00,0.0014
03/24/2023 00:30:00,0.0091
03/24/2023 00:45:00,0.1220
03/24/2023 01:00:00,0.0924
03/24/2023 01:15:00,0.0015
03/24/2023 01:30:00,0.0016
03/24/2023 01:45:00,0.0016
03/24/2023 02:00:00,0.0688
03/24/2023 02:15:00,0.1174
03/24/2023 02:30:00,0.0164
03/24/2023 02:45:00,0.0017
03/24/2023 03:00:00,0.0015
03/24/2023 03:15:00,0.0116
03/24/2023 03:30:00,0.1208
03/24/2023 03:45:00,0.0619
03/24/2023 04:00:00,0.0015
03/24/2023 04:15:00,0.0016
03/24/2023 04:30:00,0.0015
03/24/2023 04:45:00,0.0595
03/24/2023 05:00:00,0.1169
03/24/2023 05:15:00,0.0124
03/24/2023 05:30:00,0.0014
03/24/2023 05:45:00,0.0015
03/24/2023 06:00:00,0.0013
03/24/2023 06:15:00,0.0796
03/24/2023 06:30:00,0.1069
03/24/2023 06:45:00,0.0014
03/24/2023 07:00:00,0.0014
03/24/2023 07:15:00,0.0013
03/24/2023 07:30:00,0.0019
03/24/2023 07:45:00,0.0772
03/24/2023 08:00:00,0.0989
03/24/2023 08:15:00,0.0000
03/24/2023 08:30:00,0.0000
03/24/2023 08:45:00,0.0000
03/24/2023 09:00:00,0.0000
03/24/2023 09:15:00,0.0519
03/24/2023 09:30:00,0.1116
03/24/2023 09:45:00,0.0113
03/24/2023 10:00:00,0.0000
03/24/2023 10:15:00,0.0000
03/24/2023 10:30:00,0.0000
03/24/2023 10:45:00,0.0194
03/24/2023 11:00:00,0.1144
03/24/2023 11:15:00,0.0441
03/24/2023 11:30:00,0.0000
03/24/2023 11:45:00,0.0000
03/24/2023 12:00:00,0.0000
03/24/2023 12:15:00,0.0050
03/24/2023 12:30:00,0.1165
03/24/2023 12:45:00,0.0603
03/24/2023 13:00:00,0.0000
03/24/2023 13:15:00,0.0000
03/24/2023 13:30:00,0.0000
03/24/2023 13:45:00,0.0329
03/24/2023 14:00:00,0.1138
03/24/2023 14:15:00,0.0450
03/24/2023 14:30:00,0.0000
03/24/2023 14:45:00,0.0000
03/24/2023 15:00:00,0.0000
03/24/2023 15:15:00,0.1094
03/24/2023 15:30:00,0.0856
03/24/2023 15:45:00,0.0000
03/24/2023 16:00:00,0.0000
03/24/2023 16:15:00,0.0000
03/24/2023 16:30:00,0.1050
03/24/2023 16:45:00,0.0977
03/24/2023 17:00:00,0.0000
03/24/2023 17:15:00,0.0000
03/24/2023 17:30:00,0.0096
03/24/2023 17:45:00,0.1160
03/24/2023 18:00:00,0.0826
03/24/2023 18:15:00,0.0000
03/24/2023 18:30:00,0.0000
03/24/2023 18:45:00,0.0292
03/24/2023 19:00:00,0.1148
03/24/2023 19:15:00,0.0700
03/24/2023 19:30:00,0.0007
03/24/2023 19:45:00,0.0024
03/24/2023 20:00:00,0.0486
03/24/2023 20:15:00,0.1184
03/24/2023 20:30:00,0.0595
03/24/2023 20:45:00,0.0019
03/24/2023 21:00:00,0.0018
03/24/2023 21:15:00,0.0644
03/24/2023 21:30:00,0.1176
03/24/2023 21:45:00,0.0399
03/24/2023 22:00:00,0.0017
03/24/2023 22:15:00,0.0016
03/24/2023 22:30:00,0.0717
03/24/2023 22:45:00,0.1171
03/24/2023 23:00:00,0.0309
03/24/2023 23:15:00,0.0017
03/24/2023 23:30:00,0.0019
03/24/2023 23:45:00,0.0773
03/25/2023 00:00:00,0.1168
03/25/2023 00:15:00,0.0197
03/25/2023 00:30:00,0.0018
03/25/2023 00:45:00,0.0017
03/25/2023 01:00:00,0.0819
03/25/2023 01:15:00,0.1163
03/25/2023 01:30:00,0.2215
03/25/2023 01:45:00,0.0792
03/25/2023 02:00:00,0.0331
03/25/2023 02:15:00,0.1310
03/25/2023 02:30:00,0.1235
03/25/2023 02:45:00,0.1177
03/25/2023 03:00:00,0.0051
03/25/2023 03:15:00,0.0017
03/25/2023 03:30:00,0.0017
03/25/2023 03:45:00,0.0717
03/25/2023 04:00:00,0.1182
03/25/2023 04:15:00,0.0346
03/25/2023 04:30:00,0.0018
03/25/2023 04:45:00,0.0017
03/25/2023 05:00:00,0.0240
03/25/2023 05:15:00,0.1197
03/25/2023 05:30:00,0.0615
03/25/2023 05:45:00,0.0016
03/25/2023 06:00:00,0.0019
03/25/2023 06:15:00,0.0017
03/25/2023 06:30:00,0.0993
03/25/2023 06:45:00,0.0955
03/25/2023 07:00:00,0.0014
03/25/2023 07:15:00,0.0016
03/25/2023 07:30:00,0.0023
03/25/2023 07:45:00,0.0496
03/25/2023 08:00:00,0.1119
03/25/2023 08:15:00,0.0211
03/25/2023 08:30:00,0.0000
03/25/2023 08:45:00,0.0000
03/25/2023 09:00:00,0.0000
03/25/2023 09:15:00,0.0991
03/25/2023 09:30:00,0.0773
03/25/2023 09:45:00,0.0000
03/25/2023 10:00:00,0.0000
03/25/2023 10:15:00,0.0000
03/25/2023 10:30:00,0.0037
03/25/2023 10:45:00,0.1158
03/25/2023 11:00:00,0.0681
03/25/2023 11:15:00,0.0000
03/25/2023 11:30:00,0.0000
03/25/2023 11:45:00,0.0000
03/25/2023 12:00:00,0.0301
03/25/2023 12:15:00,0.1138
03/25/2023 12:30:00,0.0484
03/25/2023 12:45:00,0.0000
03/25/2023 13:00:00,0.0000
03/25/2023 13:15:00,0.0000
03/25/2023 13:30:00,0.0892
03/25/2023 13:45:00,0.1090
03/25/2023 14:00:00,0.0000
03/25/2023 14:15:00,0.0000
03/25/2023 14:30:00,0.0000
03/25/2023 14:45:00,0.0672
03/25/2023 15:00:00,0.1111
03/25/2023 15:15:00,0.0259
03/25/2023 15:30:00,0.0000
03/25/2023 15:45:00,0.0000
03/25/2023 16:00:00,0.0688
03/25/2023 16:15:00,0.1120
03/25/2023 16:30:00,0.0302
03/25/2023 16:45:00,0.0000
03/25/2023 17:00:00,0.0000
03/25/2023 17:15:00,0.0841
03/25/2023 17:30:00,0.1111
03/25/2023 17:45:00,0.0195
03/25/2023 18:00:00,0.0000
03/25/2023 18:15:00,0.0000
03/25/2023 18:30:00,0.0507
03/25/2023 18:45:00,0.1141
03/25/2023 19:00:00,0.0703
03/25/2023 19:15:00,0.0000
03/25/2023 19:30:00,0.0269
03/25/2023 19:45:00,0.0288
03/25/2023 20:00:00,0.1180
03/25/2023 20:15:00,0.0498
03/25/2023 20:30:00,0.0019
03/25/2023 20:45:00,0.0017
03/25/2023 21:00:00,0.0738
03/25/2023 21:15:00,0.1169
03/25/2023 21:30:00,0.0316
03/25/2023 21:45:00,0.0016
03/25/2023 22:00:00,0.0017
03/25/2023 22:15:00,0.0808
03/25/2023 22:30:00,0.1169
03/25/2023 22:45:00,0.0195
03/25/2023 23:00:00,0.0017
03/25/2023 23:15:00,0.0019
03/25/2023 23:30:00,0.0878
03/25/2023 23:45:00,0.1164
03/26/2023 00:00:00,0.0152
03/26/2023 00:15:00,0.0016
03/26/2023 00:30:00,0.0014
03/26/2023 00:45:00,0.0781
03/26/2023 01:00:00,0.1165
03/26/2023 01:15:00,0.0208
03/26/2023 01:30:00,0.0019
03/26/2023 01:45:00,0.0018
03/26/2023 02:00:00,0.0673
03/26/2023 02:15:00,0.1171
03/26/2023 02:30:00,0.2125
03/26/2023 02:45:00,0.1008
03/26/2023 03:00:00,0.0189
03/26/2023 03:15:00,0.1338
03/26/2023 03:30:00,0.1228
03/26/2023 03:45:00,0.1181
03/26/2023 04:00:00,0.0085
03/26/2023 04:15:00,0.0016
03/26/2023 04:30:00,0.0017
03/26/2023 04:45:00,0.0699
03/26/2023 05:00:00,0.1182
03/26/2023 05:15:00,0.0293
03/26/2023 05:30:00,0.0018
03/26/2023 05:45:00,0.0015
03/26/2023 06:00:00,0.0270
03/26/2023 06:15:00,0.1198
03/26/2023 06:30:00,0.0558
03/26/2023 06:45:00,0.0017
03/26/2023 07:00:00,0.0016
03/26/2023 07:15:00,0.0016
03/26/2023 07:30:00,0.0888
03/26/2023 07:45:00,0.1047
03/26/2023 08:00:00,0.0000
03/26/2023 08:15:00,0.0000
03/26/2023 08:30:00,0.0000
03/26/2023 08:45:00,0.0240
03/26/2023 09:00:00,0.1147
03/26/2023 09:15:00,0.0405
03/26/2023 09:30:00,0.0000
03/26/2023 09:45:00,0.0000
03/26/2023 10:00:00,0.0000
03/26/2023 10:15:00,0.0629
03/26/2023 10:30:00,0.1113
03/26/2023 10:45:00,0.0093
03/26/2023 11:00:00,0.0000
03/26/2023 11:15:00,0.0000
03/26/2023 11:30:00,0.0000
03/26/2023 11:45:00,0.0916
03/26/2023 12:00:00,0.0915
03/26/2023 12:15:00,0.0000
03/26/2023 12:30:00,0.0000
03/26/2023 12:45:00,0.0000
03/26/2023 13:00:00,0.0354
03/26/2023 13:15:00,0.1140
03/26/2023 13:30:00,0.0472
03/26/2023 13:45:00,0.0000
03/26/2023 14:00:00,0.0000
03/26/2023 14:15:00,0.0105
03/26/2023 14:30:00,0.1156
03/26/2023 14:45:00,0.0793
03/26/2023 15:00:00,0.0000
03/26/2023 15:15:00,0.0000
03/26/2023 15:30:00,0.0096
03/26/2023 15:45:00,0.1160
03/26/2023 16:00:00,0.0837
03/26/2023 16:15:00,0.0000
03/26/2023 16:30:00,0.0000
03/26/2023 16:45:00,0.0219
03/26/2023 17:00:00,0.1152
03/26/2023 17:15:00,0.0796
03/26/2023 17:30:00,0.0000
03/26/2023 17:45:00,0.0000
03/26/2023 18:00:00,0.0332
03/26/2023 18:15:00,0.1147
03/26/2023 18:30:00,0.0721
03/26/2023 18:45:00,0.0000
03/26/2023 19:00:00,0.0000
03/26/2023 19:15:00,0.0553
03/26/2023 19:30:00,0.1143
03/26/2023 19:45:00,0.0533
03/26/2023 20:00:00,0.0019
03/26/2023 20:15:00,0.0020
03/26/2023 20:30:00,0.0258
03/26/2023 20:45:00,0.1212
03/26/2023 21:00:00,0.1037
03/26/2023 21:15:00,0.0018
03/26/2023 21:30:00,0.0017
03/26/2023 21:45:00,0.0121
03/26/2023 22:00:00,0.1213
03/26/2023 22:15:00,0.0939
03/26/2023 22:30:00,0.0017
03/26/2023 22:45:00,0.0015
03/26/2023 23:00:00,0.0163
03/26/2023 23:15:00,0.1210
03/26/2023 23:30:00,0.0900
03/26/2023 23:45:00,0.0017
03/27/2023 00:00:00,0.0016
03/27/2023 00:15:00,0.0121
03/27/2023 00:30:00,0.1215
03/27/2023 00:45:00,0.0867
03/27/2023 01:00:00,0.0015
03/27/2023 01:15:00,0.0017
03/27/2023 01:30:00,0.0018
03/27/2023 01:45:00,0.1203
03/27/2023 02:00:00,0.0953
03/27/2023 02:15:00,0.0016
03/27/2023 02:30:00,0.0017
03/27/2023 02:45:00,0.0019
03/27/2023 03:00:00,0.1027
03/27/2023 03:15:00,0.1226
03/27/2023 03:30:00,0.2385
03/27/2023 03:45:00,0.0332
03/27/2023 04:00:00,0.0565
03/27/2023 04:15:00,0.1277
03/27/2023 04:30:00,0.1221
03/27/2023 04:45:00,0.0907
03/27/2023 05:00:00,0.0015
03/27/2023 05:15:00,0.0014
03/27/2023 05:30:00,0.0016
03/27/2023 05:45:00,0.1151
03/27/2023 06:00:00,0.0973
03/27/2023 06:15:00,0.0016
03/27/2023 06:30:00,0.0015
03/27/2023 06:45:00,0.0016
03/27/2023 07:00:00,0.0861
03/27/2023 07:15:00,0.1109
03/27/2023 07:30:00,0.0023
03/27/2023 07:45:00,0.0031
03/27/2023 08:00:00,0.0000
03/27/2023 08:15:00,0.0434
03/27/2023 08:30:00,0.1126
03/27/2023 08:45:00,0.0275
03/27/2023 09:00:00,0.0000
03/27/2023 09:15:00,0.0000
03/27/2023 09:30:00,0.0000
03/27/2023 09:45:00,0.1031
03/27/2023 10:00:00,0.0780
03/27/2023 10:15:00,0.0000
03/27/2023 10:30:00,0.0000
03/27/2023 10:45:00,0.0000
03/27/2023 11:00:00,0.0515
03/27/2023 11:15:00,0.1118
03/27/2023 11:30:00,0.0196
03/27/2023 11:45:00,0.0000
03/27/2023 12:00:00,0.0000
03/27/2023 12:15:00,0.0113
03/27/2023 12:30:00,0.1150
03/27/2023 12:45:00,0.0642
03/27/2023 13:00:00,0.0000
03/27/2023 13:15:00,0.0000
03/27/2023 13:30:00,0.0000
03/27/2023 13:45:00,0.1180
03/27/2023 14:00:00,0.0749
03/27/2023 14:15:00,0.0000
03/27/2023 14:30:00,0.0000
03/27/2023 14:45:00,0.0207
03/27/2023 15:00:00,0.1146
03/27/2023 15:15:00,0.0695
03/27/2023 15:30:00,0.0000
03/27/2023 15:45:00,0.0000
03/27/2023 16:00:00,0.0529
03/27/2023 16:15:00,0.1122
03/27/2023 16:30:00,0.0462
03/27/2023 16:45:00,0.0000
03/27/2023 17:00:00,0.0000
03/27/2023 17:15:00,0.0963
03/27/2023 17:30:00,0.1119
03/27/2023 17:45:00,0.0059
03/27/2023 18:00:00,0.0000
03/27/2023 18:15:00,0.0000
03/27/2023 18:30:00,0.0816
03/27/2023 18:45:00,0.1128
03/27/2023 19:00:00,0.0602
03/27/2023 19:15:00,0.0000
03/27/2023 19:30:00,0.0011
03/27/2023 19:45:00,0.0369
03/27/2023 20:00:00,0.1199
03/27/2023 20:15:00,0.1094
03/27/2023 20:30:00,0.0020
03/27/2023 20:45:00,0.0021
03/27/2023 21:00:00,0.0020
03/27/2023 21:15:00,0.1075
03/27/2023 21:30:00,0.1166
03/27/2023 21:45:00,0.0365
03/27/2023 22:00:00,0.0019
03/27/2023 22:15:00,0.0018
03/27/2023 22:30:00,0.0582
03/27/2023 22:45:00,0.1187
03/27/2023 23:00:00,0.0782
03/27/2023 23:15:00,0.0017
03/27/2023 23:30:00,0.0017
03/27/2023 23:45:00,0.0730
03/28/2023 00:00:00,0.1166
03/28/2023 00:15:00,0.0345
03/28/2023 00:30:00,0.0020
03/28/2023 00:45:00,0.0018
03/28/2023 01:00:00,0.1001
03/28/2023 01:15:00,0.1145
03/28/2023 01:30:00,0.0019
03/28/2023 01:45:00,0.0018
03/28/2023 02:00:00,0.0072
03/28/2023 02:15:00,0.1212
03/28/2023 02:30:00,0.0824
03/28/2023 02:45:00,0.0019
03/28/2023 03:00:00,0.0020
03/28/2023 03:15:00,0.0144
03/28/2023 03:30:00,0.1201
03/28/2023 03:45:00,0.1556
03/28/2023 04:00:00,0.2066
03/28/2023 04:15:00,0.0016
03/28/2023 04:30:00,0.0930
03/28/2023 04:45:00,0.1266
03/28/2023 05:00:00,0.1201
03/28/2023 05:15:00,0.0636
03/28/2023 05:30:00,0.0017
03/28/2023 05:45:00,0.0016
03/28/2023 06:00:00,0.0509
03/28/2023 06:15:00,0.1189
03/28/2023 06:30:00,0.0440
03/28/2023 06:45:00,0.0016
03/28/2023 07:00:00,0.0232
03/28/2023 07:15:00,0.1173
03/28/2023 07:30:00,0.0269
03/28/2023 07:45:00,0.0027
03/28/2023 08:00:00,0.0000
03/28/2023 08:15:00,0.1097
03/28/2023 08:30:00,0.0474
03/28/2023 08:45:00,0.0000
03/28/2023 09:00:00,0.0000
03/28/2023 09:15:00,0.0587
03/28/2023 09:30:00,0.0965
03/28/2023 09:45:00,0.0000
03/28/2023 10:00:00,0.0000
03/28/2023 10:15:00,0.0148
03/28/2023 10:30:00,0.1137
03/28/2023 10:45:00,0.0245
03/28/2023 11:00:00,0.0000
03/28/2023 11:15:00,0.0000
03/28/2023 11:30:00,0.1048
03/28/2023 11:45:00,0.0461
03/28/2023 12:00:00,0.0000
03/28/2023 12:15:00,0.0000
03/28/2023 12:30:00,0.1030
03/28/2023 12:45:00,0.0513
03/28/2023 13:00:00,0.0000
03/28/2023 13:15:00,0.0028
03/28/2023 13:30:00,0.1146
03/28/2023 13:45:00,0.0368
03/28/2023 14:00:00,0.0000
03/28/2023 14:15:00,0.0363
03/28/2023 14:30:00,0.1115
03/28/2023 14:45:00,0.0084
03/28/2023 15:00:00,0.0000
03/28/2023 15:15:00,0.0735
03/28/2023 15:30:00,0.0877
03/28/2023 15:45:00,0.0000
03/28/2023 16:00:00,0.0000
03/28/2023 16:15:00,0.1132
03/28/2023 16:30:00,0.0581
03/28/2023 16:45:00,0.0000
03/28/2023 17:00:00,0.0281
03/28/2023 17:15:00,0.1136
03/28/2023 17:30:00,0.0347
03/28/2023 17:45:00,0.0000
03/28/2023 18:00:00,0.0479
03/28/2023 18:15:00,0.1131
03/28/2023 18:30:00,0.0245
03/28/2023 18:45:00,0.0000
03/28/2023 19:00:00,0.0000
03/28/2023 19:15:00,0.1036
03/28/2023 19:30:00,0.1135
03/28/2023 19:45:00,0.0028
03/28/2023 20:00:00,0.0021
03/28/2023 20:15:00,0.0169
03/28/2023 20:30:00,0.1210
03/28/2023 20:45:00,0.0883
03/28/2023 21:00:00,0.0020
03/28/2023 21:15:00,0.0021
03/28/2023 21:30:00,0.0404
03/28/2023 21:45:00,0.1198
03/28/2023 22:00:00,0.0663
03/28/2023 22:15:00,0.0017
03/28/2023 22:30:00,0.0018
03/28/2023 22:45:00,0.0584
03/28/2023 23:00:00,0.1183
03/28/2023 23:15:00,0.0465
03/28/2023 23:30:00,0.0017
03/28/2023 23:45:00,0.0018
03/29/2023 00:00:00,0.0610
03/29/2023 00:15:00,0.1180
03/29/2023 00:30:00,0.0366
03/29/2023 00:45:00,0.0017
03/29/2023 01:00:00,0.0016
03/29/2023 01:15:00,0.0696
03/29/2023 01:30:00,0.1139
03/29/2023 01:45:00,0.0240
03/29/2023 02:00:00,0.0017
03/29/2023 02:15:00,0.0583
03/29/2023 02:30:00,0.1159
03/29/2023 02:45:00,0.0015
03/29/2023 03:00:00,0.0015
03/29/2023 03:15:00,0.0710
03/29/2023 03:30:00,0.1381
03/29/2023 03:45:00,0.2357
03/29/2023 04:00:00,0.0080
03/29/2023 04:15:00,0.0730
03/29/2023 04:30:00,0.1282
03/29/2023 04:45:00,0.1205
03/29/2023 05:00:00,0.0546
03/29/2023 05:15:00,0.0016
03/29/2023 05:30:00,0.0014
03/29/2023 05:45:00,0.0093
03/29/2023 06:00:00,0.1219
03/29/2023 06:15:00,0.0824
03/29/2023 06:30:00,0.0015
03/29/2023 06:45:00,0.0015
03/29/2023 07:00:00,0.0015
03/29/2023 07:15:00,0.0725
03/29/2023 07:30:00,0.1163
03/29/2023 07:45:00,0.0091
03/29/2023 08:00:00,0.0000
03/29/2023 08:15:00,0.0000
03/29/2023 08:30:00,0.0116
03/29/2023 08:45:00,0.1156
03/29/2023 09:00:00,0.0550
03/29/2023 09:15:00,0.0000
03/29/2023 09:30:00,0.0000
03/29/2023 09:45:00,0.0000
03/29/2023 10:00:00,0.0541
03/29/2023 10:15:00,0.0717
03/29/2023 10:30:00,0.0538
03/29/2023 10:45:00,0.0000
03/29/2023 11:00:00,0.0000
03/29/2023 11:15:00,0.0000
03/29/2023 11:30:00,0.0988
03/29/2023 11:45:00,0.0898
03/29/2023 12:00:00,0.0000
03/29/2023 12:15:00,0.0000
03/29/2023 12:30:00,0.0000
03/29/2023 12:45:00,0.0405
03/29/2023 13:00:00,0.1129
03/29/2023 13:15:00,0.0415
03/29/2023 13:30:00,0.0000
03/29/2023 13:45:00,0.0000
03/29/2023 14:00:00,0.0087
03/29/2023 14:15:00,0.1160
03/29/2023 14:30:00,0.0722
03/29/2023 14:45:00,0.0000
03/29/2023 15:00:00,0.0000
03/29/2023 15:15:00,0.0094
03/29/2023 15:30:00,0.1158
03/29/2023 15:45:00,0.0760
03/29/2023 16:00:00,0.0000
03/29/2023 16:15:00,0.0162
03/29/2023 16:30:00,0.0228
03/29/2023 16:45:00,0.1136
03/29/2023 17:00:00,0.0511
03/29/2023 17:15:00,0.0000
03/29/2023 17:30:00,0.0000
03/29/2023 17:45:00,0.0732
03/29/2023 18:00:00,0.1121
03/29/2023 18:15:00,0.0193
03/29/2023 18:30:00,0.0000
03/29/2023 18:45:00,0.0000
03/29/2023 19:00:00,0.1097
03/29/2023 19:15:00,0.0979
03/29/2023 19:30:00,0.0010
03/29/2023 19:45:00,0.0021
03/29/2023 20:00:00,0.0220
03/29/2023 20:15:00,0.1199
03/29/2023 20:30:00,0.0734
03/29/2023 20:45:00,0.0016
03/29/2023 21:00:00,0.0016
03/29/2023 21:15:00,0.0410
03/29/2023 21:30:00,0.1192
03/29/2023 21:45:00,0.0552
03/29/2023 22:00:00,0.0015
03/29/2023 22:15:00,0.0015
03/29/2023 22:30:00,0.0433
03/29/2023 22:45:00,0.1187
03/29/2023 23:00:00,0.0489
03/29/2023 23:15:00,0.0015
03/29/2023 23:30:00,0.0014
03/29/2023 23:45:00,0.0423
03/30/2023 00:00:00,0.1182
03/30/2023 00:15:00,0.0494
03/30/2023 00:30:00,0.0015
03/30/2023 00:45:00,0.0016
03/30/2023 01:00:00,0.0190
03/30/2023 01:15:00,0.1195
03/30/2023 01:30:00,0.0673
03/30/2023 01:45:00,0.0017
03/30/2023 02:00:00,0.0016
03/30/2023 02:15:00,0.0014
03/30/2023 02:30:00,0.1082
03/30/2023 02:45:00,0.0923
03/30/2023 03:00:00,0.0015
03/30/2023 03:15:00,0.0017
03/30/2023 03:30:00,0.0016
03/30/2023 03:45:00,0.0701
03/30/2023 04:00:00,0.1164
03/30/2023 04:15:00,0.0111
03/30/2023 04:30:00,0.0015
03/30/2023 04:45:00,0.0016
03/30/2023 05:00:00,0.0133
03/30/2023 05:15:00,0.1200
03/30/2023 05:30:00,0.1783
03/30/2023 05:45:00,0.1636
03/30/2023 06:00:00,0.0015
03/30/2023 06:15:00,0.1167
03/30/2023 06:30:00,0.1203
03/30/2023 06:45:00,0.1101
03/30/2023 07:00:00,0.0013
03/30/2023 07:15:00,0.0017
03/30/2023 07:30:00,0.0025
03/30/2023 07:45:00,0.0012
03/30/2023 08:00:00,0.0941
03/30/2023 08:15:00,0.0996
03/30/2023 08:30:00,0.0000
03/30/2023 08:45:00,0.0000
03/30/2023 09:00:00,0.0000
03/30/2023 09:15:00,0.0000
03/30/2023 09:30:00,0.0872
03/30/2023 09:45:00,0.0912
03/30/2023 10:00:00,0.0000
03/30/2023 10:15:00,0.0000
03/30/2023 10:30:00,0.0000
03/30/2023 10:45:00,0.0000
03/30/2023 11:00:00,0.0769
03/30/2023 11:15:00,0.1055
03/30/2023 11:30:00,0.0000
03/30/2023 11:45:00,0.0000
03/30/2023 12:00:00,0.0000
03/30/2023 12:15:00,0.0000
03/30/2023 12:30:00,0.0807
03/30/2023 12:45:00,0.1085
03/30/2023 13:00:00,0.0000
03/30/2023 13:15:00,0.0000
03/30/2023 13:30:00,0.0000
03/30/2023 13:45:00,0.0000
03/30/2023 14:00:00,0.1182
03/30/2023 14:15:00,0.0782
03/30/2023 14:30:00,0.0000
03/30/2023 14:45:00,0.0000
03/30/2023 15:00:00,0.0000
03/30/2023 15:15:00,0.0868
03/30/2023 15:30:00,0.1102
03/30/2023 15:45:00,0.0071
03/30/2023 16:00:00,0.0000
03/30/2023 16:15:00,0.0375
03/30/2023 16:30:00,0.0402
03/30/2023 16:45:00,0.1110
03/30/2023 17:00:00,0.0225
03/30/2023 17:15:00,0.0000
03/30/2023 17:30:00,0.0000
03/30/2023 17:45:00,0.0880
03/30/2023 18:00:00,0.1114
03/30/2023 18:15:00,0.0173
03/30/2023 18:30:00,0.0000
03/30/2023 18:45:00,0.0000
03/30/2023 19:00:00,0.0468
03/30/2023 19:15:00,0.1150
03/30/2023 19:30:00,0.0736
03/30/2023 19:45:00,0.0021
03/30/2023 20:00:00,0.0020
03/30/2023 20:15:00,0.0018
03/30/2023 20:30:00,0.1163
03/30/2023 20:45:00,0.1160
03/30/2023 21:00:00,0.0091
03/30/2023 21:15:00,0.0018
03/30/2023 21:30:00,0.0018
03/30/2023 21:45:00,0.1114
03/30/2023 22:00:00,0.1090
03/30/2023 22:15:00,0.0016
03/30/2023 22:30:00,0.0017
03/30/2023 22:45:00,0.0016
03/30/2023 23:00:00,0.1167
03/30/2023 23:15:00,0.0992
03/30/2023 23:30:00,0.0016
03/30/2023 23:45:00,0.0014
03/31/2023 00:00:00,0.0015
03/31/2023 00:15:00,0.1038
03/31/2023 00:30:00,0.1056
03/31/2023 00:45:00,0.0017
03/31/2023 01:00:00,0.0017
03/31/2023 01:15:00,0.0017
03/31/2023 01:30:00,0.0834
03/31/2023 01:45:00,0.1168
03/31/2023 02:00:00,0.0075
03/31/2023 02:15:00,0.0018
03/31/2023 02:30:00,0.0016
03/31/2023 02:45:00,0.0488
03/31/2023 03:00:00,0.1181
03/31/2023 03:15:00,0.0376
03/31/2023 03:30:00,0.0015
03/31/2023 03:45:00,0.0016
03/31/2023 04:00:00,0.0017
03/31/2023 04:15:00,0.1188
03/31/2023 04:30:00,0.0772
03/31/2023 04:45:00,0.0016
03/31/2023 05:00:00,0.0015
03/31/2023 05:15:00,0.0017
03/31/2023 05:30:00,0.0665
03/31/2023 05:45:00,0.1158
03/31/2023 06:00:00,0.0090
03/31/2023 06:15:00,0.0015
03/31/2023 06:30:00,0.0014
03/31/2023 06:45:00,0.0014
03/31/2023 07:00:00,0.1160
03/31/2023 07:15:00,0.0716
03/31/2023 07:30:00,0.0024
03/31/2023 07:45:00,0.0018
03/31/2023 08:00:00,0.0000
03/31/2023 08:15:00,0.0265
03/31/2023 08:30:00,0.1132
03/31/2023 08:45:00,0.1847
03/31/2023 09:00:00,0.1266
03/31/2023 09:15:00,0.0000
03/31/2023 09:30:00,0.1260
03/31/2023 09:45:00,0.1141
03/31/2023 10:00:00,0.0827
03/31/2023 10:15:00,0.0000
03/31/2023 10:30:00,0.0000
03/31/2023 10:45:00,0.0000
03/31/2023 11:00:00,0.0000
03/31/2023 11:15:00,0.1166
03/31/2023 11:30:00,0.0824
03/31/2023 11:45:00,0.0000
03/31/2023 12:00:00,0.0000
03/31/2023 12:15:00,0.0000
03/31/2023 12:30:00,0.0313
03/31/2023 12:45:00,0.1134
03/31/2023 13:00:00,0.0473
03/31/2023 13:15:00,0.0000
03/31/2023 13:30:00,0.0000
03/31/2023 13:45:00,0.0000
03/31/2023 14:00:00,0.0967
03/31/2023 14:15:00,0.1030
03/31/2023 14:30:00,0.0000
03/31/2023 14:45:00,0.0000
03/31/2023 15:00:00,0.0000
03/31/2023 15:15:00,0.0705
03/31/2023 15:30:00,0.1111
03/31/2023 15:45:00,0.0293
03/31/2023 16:00:00,0.0000
03/31/2023 16:15:00,0.0000
03/31/2023 16:30:00,0.0668
03/31/2023 16:45:00,0.1121
03/31/2023 17:00:00,0.0357
03/31/2023 17:15:00,0.0000
03/31/2023 17:30:00,0.0000
03/31/2023 17:45:00,0.0311
03/31/2023 18:00:00,0.1163
03/31/2023 18:15:00,0.0933
03/31/2023 18:30:00,0.0000
03/31/2023 18:45:00,0.0000
03/31/2023 19:00:00,0.0000
03/31/2023 19:15:00,0.1106
03/31/2023 19:30:00,0.1125
03/31/2023 19:45:00,0.0239
03/31/2023 20:00:00,0.0021
03/31/2023 20:15:00,0.0020
03/31/2023 20:30:00,0.0702
03/31/2023 20:45:00,0.1182
03/31/2023 21:00:00,0.0630
03/31/2023 21:15:00,0.0018
03/31/2023 21:30:00,0.0018
03/31/2023 21:45:00,0.0237
03/31/2023 22:00:00,0.1216
03/31/2023 22:15:00,0.0551
03/31/2023 22:30:00,0.0470
03/31/2023 22:45:00,0.0017
03/31/2023 23:00:00,0.0237
03/31/2023 23:15:00,0.1206
03/31/2023 23:30:00,0.0804
03/31/2023 23:45:00,0.0017
04/01/2023 00:00:00,0.0018
